/* Lvl 20 chest */
/* BEGIN */
INSERT IGNORE INTO `acore_world`.`gameobject_template` (`entry`, `type`, `displayId`, `name`, `Data0`, `Data1`, `Data3`, `Data11`, `Data15`, `VerifiedBuild`) VALUES (500020, 3, 259, 'Chest of The Conqueror', 57, 400020, 1, 1, 1, 12340);
INSERT IGNORE INTO `acore_world`.`gameobject_template_addon` (`entry`, `mingold`, `maxgold`) VALUES (500020, 50000, 150000);
INSERT IGNORE INTO `acore_world`.`gameobject_loot_template` (`Entry`, `Item`, `Reference`, `Chance`, `LootMode`, `GroupId`, `MinCount`, `MaxCount`, `Comment`) VALUES (400020, 1, 1400020, 100, 1, 0, 1, 1, 'Chest of The Conqueror - (ReferenceTable)(Lvl 20)');
/* END */

/* Lvl 30 chest */
/* BEGIN */
INSERT IGNORE INTO `acore_world`.`gameobject_template` (`entry`, `type`, `displayId`, `name`, `Data0`, `Data1`, `Data3`, `Data11`, `Data15`, `VerifiedBuild`) VALUES (500030, 3, 259, 'Chest of The Conqueror', 57, 400030, 1, 1, 1, 12340);
INSERT IGNORE INTO `acore_world`.`gameobject_template_addon` (`entry`, `mingold`, `maxgold`) VALUES (500030, 50000, 150000);
INSERT IGNORE INTO `acore_world`.`gameobject_loot_template` (`Entry`, `Item`, `Reference`, `Chance`, `LootMode`, `GroupId`, `MinCount`, `MaxCount`, `Comment`) VALUES (400030, 1, 1400030, 100, 1, 0, 1, 1, 'Chest of The Conqueror - (ReferenceTable)(Lvl 30)');
/* END */

/* Lvl 40 chest */
/* BEGIN */
INSERT IGNORE INTO `acore_world`.`gameobject_template` (`entry`, `type`, `displayId`, `name`, `Data0`, `Data1`, `Data3`, `Data11`, `Data15`, `VerifiedBuild`) VALUES (500040, 3, 259, 'Chest of The Conqueror', 57, 400040, 1, 1, 1, 12340);
INSERT IGNORE INTO `acore_world`.`gameobject_template_addon` (`entry`, `mingold`, `maxgold`) VALUES (500040, 50000, 150000);
INSERT IGNORE INTO `acore_world`.`gameobject_loot_template` (`Entry`, `Item`, `Reference`, `Chance`, `LootMode`, `GroupId`, `MinCount`, `MaxCount`, `Comment`) VALUES (400040, 1, 1400040, 100, 1, 0, 1, 1, 'Chest of The Conqueror - (ReferenceTable)(Lvl 40)');
/* END */

/* Lvl 50 chest */
/* BEGIN */
INSERT IGNORE INTO `acore_world`.`gameobject_template` (`entry`, `type`, `displayId`, `name`, `Data0`, `Data1`, `Data3`, `Data11`, `Data15`, `VerifiedBuild`) VALUES (500050, 3, 259, 'Chest of The Conqueror', 57, 400050, 1, 1, 1, 12340);
INSERT IGNORE INTO `acore_world`.`gameobject_template_addon` (`entry`, `mingold`, `maxgold`) VALUES (500050, 50000, 150000);
INSERT IGNORE INTO `acore_world`.`gameobject_loot_template` (`Entry`, `Item`, `Reference`, `Chance`, `LootMode`, `GroupId`, `MinCount`, `MaxCount`, `Comment`) VALUES (400050, 1, 1400050, 100, 1, 0, 1, 1, 'Chest of The Conqueror - (ReferenceTable)(Lvl 50)');
/* END */

/* Lvl 60 chest */
/* BEGIN */
INSERT IGNORE INTO `acore_world`.`gameobject_template` (`entry`, `type`, `displayId`, `name`, `Data0`, `Data1`, `Data3`, `Data11`, `Data15`, `VerifiedBuild`) VALUES (500060, 3, 259, 'Chest of The Conqueror', 57, 400060, 1, 1, 1, 12340);
INSERT IGNORE INTO `acore_world`.`gameobject_template_addon` (`entry`, `mingold`, `maxgold`) VALUES (500060, 50000, 150000);
INSERT IGNORE INTO `acore_world`.`gameobject_loot_template` (`Entry`, `Item`, `Reference`, `Chance`, `LootMode`, `GroupId`, `MinCount`, `MaxCount`, `Comment`) VALUES (400060, 1, 1400060, 100, 1, 0, 1, 1, 'Chest of The Conqueror - (ReferenceTable)(Lvl 60)');

/* END */

INSERT IGNORE INTO `acore_world`.`reference_loot_template` (`Entry`, `Item`, `Comment`, `Chance`, `GroupId`) VALUES (1400020, 890, "Twisted Chanter's Staff", 0, 1);
INSERT IGNORE INTO `acore_world`.`reference_loot_template` (`Entry`, `Item`, `Comment`, `Chance`, `GroupId`) VALUES (1400020, 935, "Night Watch Shortsword", 0, 1);
INSERT IGNORE INTO `acore_world`.`reference_loot_template` (`Entry`, `Item`, `Comment`, `Chance`, `GroupId`) VALUES (1400020, 1121, "Feet of the Lynx", 0, 1);
INSERT IGNORE INTO `acore_world`.`reference_loot_template` (`Entry`, `Item`, `Comment`, `Chance`, `GroupId`) VALUES (1400020, 1156, "Lavishly Jeweled Ring", 0, 1);
INSERT IGNORE INTO `acore_world`.`reference_loot_template` (`Entry`, `Item`, `Comment`, `Chance`, `GroupId`) VALUES (1400020, 1292, "Butcher's Cleaver", 0, 1);
INSERT IGNORE INTO `acore_world`.`reference_loot_template` (`Entry`, `Item`, `Comment`, `Chance`, `GroupId`) VALUES (1400020, 1318, "Night Reaver", 0, 1);
INSERT IGNORE INTO `acore_world`.`reference_loot_template` (`Entry`, `Item`, `Comment`, `Chance`, `GroupId`) VALUES (1400020, 1481, "Grimclaw", 0, 1);
INSERT IGNORE INTO `acore_world`.`reference_loot_template` (`Entry`, `Item`, `Comment`, `Chance`, `GroupId`) VALUES (1400020, 1482, "Shadowfang", 0, 1);
INSERT IGNORE INTO `acore_world`.`reference_loot_template` (`Entry`, `Item`, `Comment`, `Chance`, `GroupId`) VALUES (1400020, 1483, "Face Smasher", 0, 1);
INSERT IGNORE INTO `acore_world`.`reference_loot_template` (`Entry`, `Item`, `Comment`, `Chance`, `GroupId`) VALUES (1400020, 1484, "Witching Stave", 0, 1);
INSERT IGNORE INTO `acore_world`.`reference_loot_template` (`Entry`, `Item`, `Comment`, `Chance`, `GroupId`) VALUES (1400020, 1486, "Tree Bark Jacket", 0, 1);
INSERT IGNORE INTO `acore_world`.`reference_loot_template` (`Entry`, `Item`, `Comment`, `Chance`, `GroupId`) VALUES (1400020, 1489, "Gloomshroud Armor", 0, 1);
INSERT IGNORE INTO `acore_world`.`reference_loot_template` (`Entry`, `Item`, `Comment`, `Chance`, `GroupId`) VALUES (1400020, 1491, "Ring of Precision", 0, 1);
INSERT IGNORE INTO `acore_world`.`reference_loot_template` (`Entry`, `Item`, `Comment`, `Chance`, `GroupId`) VALUES (1400020, 1935, "Assassin's Blade", 0, 1);
INSERT IGNORE INTO `acore_world`.`reference_loot_template` (`Entry`, `Item`, `Comment`, `Chance`, `GroupId`) VALUES (1400020, 1974, "Mindthrust Bracers", 0, 1);
INSERT IGNORE INTO `acore_world`.`reference_loot_template` (`Entry`, `Item`, `Comment`, `Chance`, `GroupId`) VALUES (1400020, 2059, "Sentry Cloak", 0, 1);
INSERT IGNORE INTO `acore_world`.`reference_loot_template` (`Entry`, `Item`, `Comment`, `Chance`, `GroupId`) VALUES (1400020, 2194, "Diamond Hammer", 0, 1);
INSERT IGNORE INTO `acore_world`.`reference_loot_template` (`Entry`, `Item`, `Comment`, `Chance`, `GroupId`) VALUES (1400020, 2205, "Duskbringer", 0, 1);
INSERT IGNORE INTO `acore_world`.`reference_loot_template` (`Entry`, `Item`, `Comment`, `Chance`, `GroupId`) VALUES (1400020, 2236, "Blackfang", 0, 1);
INSERT IGNORE INTO `acore_world`.`reference_loot_template` (`Entry`, `Item`, `Comment`, `Chance`, `GroupId`) VALUES (1400020, 2256, "Skeletal Club", 0, 1);
INSERT IGNORE INTO `acore_world`.`reference_loot_template` (`Entry`, `Item`, `Comment`, `Chance`, `GroupId`) VALUES (1400020, 2271, "Staff of the Blessed Seer", 0, 1);
INSERT IGNORE INTO `acore_world`.`reference_loot_template` (`Entry`, `Item`, `Comment`, `Chance`, `GroupId`) VALUES (1400020, 2275, "Deprecated Sentinel Coif", 0, 1);
INSERT IGNORE INTO `acore_world`.`reference_loot_template` (`Entry`, `Item`, `Comment`, `Chance`, `GroupId`) VALUES (1400020, 2292, "Necrology Robes", 0, 1);
INSERT IGNORE INTO `acore_world`.`reference_loot_template` (`Entry`, `Item`, `Comment`, `Chance`, `GroupId`) VALUES (1400020, 2567, "Evocator's Blade", 0, 1);
INSERT IGNORE INTO `acore_world`.`reference_loot_template` (`Entry`, `Item`, `Comment`, `Chance`, `GroupId`) VALUES (1400020, 2807, "Guillotine Axe", 0, 1);
INSERT IGNORE INTO `acore_world`.`reference_loot_template` (`Entry`, `Item`, `Comment`, `Chance`, `GroupId`) VALUES (1400020, 2879, "Antipodean Rod", 0, 1);
INSERT IGNORE INTO `acore_world`.`reference_loot_template` (`Entry`, `Item`, `Comment`, `Chance`, `GroupId`) VALUES (1400020, 2911, "Keller's Girdle", 0, 1);
INSERT IGNORE INTO `acore_world`.`reference_loot_template` (`Entry`, `Item`, `Comment`, `Chance`, `GroupId`) VALUES (1400020, 3021, "Ranger Bow", 0, 1);
INSERT IGNORE INTO `acore_world`.`reference_loot_template` (`Entry`, `Item`, `Comment`, `Chance`, `GroupId`) VALUES (1400020, 3194, "Black Malice", 0, 1);
INSERT IGNORE INTO `acore_world`.`reference_loot_template` (`Entry`, `Item`, `Comment`, `Chance`, `GroupId`) VALUES (1400020, 3413, "Doomspike", 0, 1);
INSERT IGNORE INTO `acore_world`.`reference_loot_template` (`Entry`, `Item`, `Comment`, `Chance`, `GroupId`) VALUES (1400020, 3415, "Staff of the Friar", 0, 1);
INSERT IGNORE INTO `acore_world`.`reference_loot_template` (`Entry`, `Item`, `Comment`, `Chance`, `GroupId`) VALUES (1400020, 3933, "Deprecated Moon Glaive", 0, 1);
INSERT IGNORE INTO `acore_world`.`reference_loot_template` (`Entry`, `Item`, `Comment`, `Chance`, `GroupId`) VALUES (1400020, 3934, "Deprecated Warden Blade", 0, 1);
INSERT IGNORE INTO `acore_world`.`reference_loot_template` (`Entry`, `Item`, `Comment`, `Chance`, `GroupId`) VALUES (1400020, 4320, "Spidersilk Boots", 0, 1);
INSERT IGNORE INTO `acore_world`.`reference_loot_template` (`Entry`, `Item`, `Comment`, `Chance`, `GroupId`) VALUES (1400020, 5183, "Pulsating Hydra Heart", 0, 1);
INSERT IGNORE INTO `acore_world`.`reference_loot_template` (`Entry`, `Item`, `Comment`, `Chance`, `GroupId`) VALUES (1400020, 5191, "Cruel Barb", 0, 1);
INSERT IGNORE INTO `acore_world`.`reference_loot_template` (`Entry`, `Item`, `Comment`, `Chance`, `GroupId`) VALUES (1400020, 5193, "Cape of the Brotherhood", 0, 1);
INSERT IGNORE INTO `acore_world`.`reference_loot_template` (`Entry`, `Item`, `Comment`, `Chance`, `GroupId`) VALUES (1400020, 5194, "Taskmaster Axe", 0, 1);
INSERT IGNORE INTO `acore_world`.`reference_loot_template` (`Entry`, `Item`, `Comment`, `Chance`, `GroupId`) VALUES (1400020, 5198, "Cookie's Stirring Rod", 0, 1);
INSERT IGNORE INTO `acore_world`.`reference_loot_template` (`Entry`, `Item`, `Comment`, `Chance`, `GroupId`) VALUES (1400020, 5201, "Emberstone Staff", 0, 1);
INSERT IGNORE INTO `acore_world`.`reference_loot_template` (`Entry`, `Item`, `Comment`, `Chance`, `GroupId`) VALUES (1400020, 5202, "Corsair's Overshirt", 0, 1);
INSERT IGNORE INTO `acore_world`.`reference_loot_template` (`Entry`, `Item`, `Comment`, `Chance`, `GroupId`) VALUES (1400020, 5243, "Firebelcher", 0, 1);
INSERT IGNORE INTO `acore_world`.`reference_loot_template` (`Entry`, `Item`, `Comment`, `Chance`, `GroupId`) VALUES (1400020, 5423, "Boahn's Fang", 0, 1);
INSERT IGNORE INTO `acore_world`.`reference_loot_template` (`Entry`, `Item`, `Comment`, `Chance`, `GroupId`) VALUES (1400020, 5426, "Serpent's Kiss", 0, 1);
INSERT IGNORE INTO `acore_world`.`reference_loot_template` (`Entry`, `Item`, `Comment`, `Chance`, `GroupId`) VALUES (1400020, 5443, "Gold-plated Buckler", 0, 1);
INSERT IGNORE INTO `acore_world`.`reference_loot_template` (`Entry`, `Item`, `Comment`, `Chance`, `GroupId`) VALUES (1400020, 6332, "Black Pearl Ring", 0, 1);
INSERT IGNORE INTO `acore_world`.`reference_loot_template` (`Entry`, `Item`, `Comment`, `Chance`, `GroupId`) VALUES (1400020, 6449, "Glowing Lizardscale Cloak", 0, 1);
INSERT IGNORE INTO `acore_world`.`reference_loot_template` (`Entry`, `Item`, `Comment`, `Chance`, `GroupId`) VALUES (1400020, 6460, "Cobrahn's Grasp", 0, 1);
INSERT IGNORE INTO `acore_world`.`reference_loot_template` (`Entry`, `Item`, `Comment`, `Chance`, `GroupId`) VALUES (1400020, 6468, "Deviate Scale Belt", 0, 1);
INSERT IGNORE INTO `acore_world`.`reference_loot_template` (`Entry`, `Item`, `Comment`, `Chance`, `GroupId`) VALUES (1400020, 6469, "Venomstrike", 0, 1);
INSERT IGNORE INTO `acore_world`.`reference_loot_template` (`Entry`, `Item`, `Comment`, `Chance`, `GroupId`) VALUES (1400020, 6472, "Stinging Viper", 0, 1);
INSERT IGNORE INTO `acore_world`.`reference_loot_template` (`Entry`, `Item`, `Comment`, `Chance`, `GroupId`) VALUES (1400020, 6630, "Seedcloud Buckler", 0, 1);
INSERT IGNORE INTO `acore_world`.`reference_loot_template` (`Entry`, `Item`, `Comment`, `Chance`, `GroupId`) VALUES (1400020, 6631, "Living Root", 0, 1);
INSERT IGNORE INTO `acore_world`.`reference_loot_template` (`Entry`, `Item`, `Comment`, `Chance`, `GroupId`) VALUES (1400020, 6642, "Phantom Armor", 0, 1);
INSERT IGNORE INTO `acore_world`.`reference_loot_template` (`Entry`, `Item`, `Comment`, `Chance`, `GroupId`) VALUES (1400020, 6907, "Tortoise Armor", 0, 1);
INSERT IGNORE INTO `acore_world`.`reference_loot_template` (`Entry`, `Item`, `Comment`, `Chance`, `GroupId`) VALUES (1400020, 7230, "Smite's Mighty Hammer", 0, 1);
INSERT IGNORE INTO `acore_world`.`reference_loot_template` (`Entry`, `Item`, `Comment`, `Chance`, `GroupId`) VALUES (1400020, 10399, "Blackened Defias Armor", 0, 1);
INSERT IGNORE INTO `acore_world`.`reference_loot_template` (`Entry`, `Item`, `Comment`, `Chance`, `GroupId`) VALUES (1400020, 10410, "Leggings of the Fang", 0, 1);
INSERT IGNORE INTO `acore_world`.`reference_loot_template` (`Entry`, `Item`, `Comment`, `Chance`, `GroupId`) VALUES (1400020, 12975, "Prospector Axe", 0, 1);
INSERT IGNORE INTO `acore_world`.`reference_loot_template` (`Entry`, `Item`, `Comment`, `Chance`, `GroupId`) VALUES (1400020, 12976, "Ironpatch Blade", 0, 1);
INSERT IGNORE INTO `acore_world`.`reference_loot_template` (`Entry`, `Item`, `Comment`, `Chance`, `GroupId`) VALUES (1400020, 12977, "Magefist Gloves", 0, 1);
INSERT IGNORE INTO `acore_world`.`reference_loot_template` (`Entry`, `Item`, `Comment`, `Chance`, `GroupId`) VALUES (1400020, 12978, "Stormbringer Belt", 0, 1);
INSERT IGNORE INTO `acore_world`.`reference_loot_template` (`Entry`, `Item`, `Comment`, `Chance`, `GroupId`) VALUES (1400020, 12979, "Firebane Cloak", 0, 1);
INSERT IGNORE INTO `acore_world`.`reference_loot_template` (`Entry`, `Item`, `Comment`, `Chance`, `GroupId`) VALUES (1400020, 12982, "Silver-linked Footguards", 0, 1);
INSERT IGNORE INTO `acore_world`.`reference_loot_template` (`Entry`, `Item`, `Comment`, `Chance`, `GroupId`) VALUES (1400020, 12983, "Rakzur Club", 0, 1);
INSERT IGNORE INTO `acore_world`.`reference_loot_template` (`Entry`, `Item`, `Comment`, `Chance`, `GroupId`) VALUES (1400020, 12984, "Skycaller", 0, 1);
INSERT IGNORE INTO `acore_world`.`reference_loot_template` (`Entry`, `Item`, `Comment`, `Chance`, `GroupId`) VALUES (1400020, 12985, "Ring of Defense", 0, 1);
INSERT IGNORE INTO `acore_world`.`reference_loot_template` (`Entry`, `Item`, `Comment`, `Chance`, `GroupId`) VALUES (1400020, 12987, "Darkweave Breeches", 0, 1);
INSERT IGNORE INTO `acore_world`.`reference_loot_template` (`Entry`, `Item`, `Comment`, `Chance`, `GroupId`) VALUES (1400020, 12988, "Starsight Tunic", 0, 1);
INSERT IGNORE INTO `acore_world`.`reference_loot_template` (`Entry`, `Item`, `Comment`, `Chance`, `GroupId`) VALUES (1400020, 12989, "Gargoyle's Bite", 0, 1);
INSERT IGNORE INTO `acore_world`.`reference_loot_template` (`Entry`, `Item`, `Comment`, `Chance`, `GroupId`) VALUES (1400020, 12990, "Razor's Edge", 0, 1);
INSERT IGNORE INTO `acore_world`.`reference_loot_template` (`Entry`, `Item`, `Comment`, `Chance`, `GroupId`) VALUES (1400020, 12992, "Searing Blade", 0, 1);
INSERT IGNORE INTO `acore_world`.`reference_loot_template` (`Entry`, `Item`, `Comment`, `Chance`, `GroupId`) VALUES (1400020, 12994, "Thorbia's Gauntlets", 0, 1);
INSERT IGNORE INTO `acore_world`.`reference_loot_template` (`Entry`, `Item`, `Comment`, `Chance`, `GroupId`) VALUES (1400020, 12996, "Band of Purification", 0, 1);
INSERT IGNORE INTO `acore_world`.`reference_loot_template` (`Entry`, `Item`, `Comment`, `Chance`, `GroupId`) VALUES (1400020, 12997, "Redbeard Crest", 0, 1);
INSERT IGNORE INTO `acore_world`.`reference_loot_template` (`Entry`, `Item`, `Comment`, `Chance`, `GroupId`) VALUES (1400020, 12998, "Magician's Mantle", 0, 1);
INSERT IGNORE INTO `acore_world`.`reference_loot_template` (`Entry`, `Item`, `Comment`, `Chance`, `GroupId`) VALUES (1400020, 12999, "Drakewing Bands", 0, 1);
INSERT IGNORE INTO `acore_world`.`reference_loot_template` (`Entry`, `Item`, `Comment`, `Chance`, `GroupId`) VALUES (1400020, 13136, "Lil Timmy's Peashooter", 0, 1);
INSERT IGNORE INTO `acore_world`.`reference_loot_template` (`Entry`, `Item`, `Comment`, `Chance`, `GroupId`) VALUES (1400020, 13245, "Kresh's Back", 0, 1);
INSERT IGNORE INTO `acore_world`.`reference_loot_template` (`Entry`, `Item`, `Comment`, `Chance`, `GroupId`) VALUES (1400020, 20425, "Advisor's Gnarled Staff", 0, 1);
INSERT IGNORE INTO `acore_world`.`reference_loot_template` (`Entry`, `Item`, `Comment`, `Chance`, `GroupId`) VALUES (1400020, 20426, "Advisor's Ring", 0, 1);
INSERT IGNORE INTO `acore_world`.`reference_loot_template` (`Entry`, `Item`, `Comment`, `Chance`, `GroupId`) VALUES (1400020, 20427, "Battle Healer's Cloak", 0, 1);
INSERT IGNORE INTO `acore_world`.`reference_loot_template` (`Entry`, `Item`, `Comment`, `Chance`, `GroupId`) VALUES (1400020, 20428, "Caretaker's Cape", 0, 1);
INSERT IGNORE INTO `acore_world`.`reference_loot_template` (`Entry`, `Item`, `Comment`, `Chance`, `GroupId`) VALUES (1400020, 20429, "Legionnaire's Band", 0, 1);
INSERT IGNORE INTO `acore_world`.`reference_loot_template` (`Entry`, `Item`, `Comment`, `Chance`, `GroupId`) VALUES (1400020, 20430, "Legionnaire's Sword", 0, 1);
INSERT IGNORE INTO `acore_world`.`reference_loot_template` (`Entry`, `Item`, `Comment`, `Chance`, `GroupId`) VALUES (1400020, 20431, "Lorekeeper's Ring", 0, 1);
INSERT IGNORE INTO `acore_world`.`reference_loot_template` (`Entry`, `Item`, `Comment`, `Chance`, `GroupId`) VALUES (1400020, 20434, "Lorekeeper's Staff", 0, 1);
INSERT IGNORE INTO `acore_world`.`reference_loot_template` (`Entry`, `Item`, `Comment`, `Chance`, `GroupId`) VALUES (1400020, 20437, "Outrider's Bow", 0, 1);
INSERT IGNORE INTO `acore_world`.`reference_loot_template` (`Entry`, `Item`, `Comment`, `Chance`, `GroupId`) VALUES (1400020, 20438, "Outrunner's Bow", 0, 1);
INSERT IGNORE INTO `acore_world`.`reference_loot_template` (`Entry`, `Item`, `Comment`, `Chance`, `GroupId`) VALUES (1400020, 20439, "Protector's Band", 0, 1);
INSERT IGNORE INTO `acore_world`.`reference_loot_template` (`Entry`, `Item`, `Comment`, `Chance`, `GroupId`) VALUES (1400020, 20440, "Protector's Sword", 0, 1);
INSERT IGNORE INTO `acore_world`.`reference_loot_template` (`Entry`, `Item`, `Comment`, `Chance`, `GroupId`) VALUES (1400020, 20441, "Scout's Blade", 0, 1);
INSERT IGNORE INTO `acore_world`.`reference_loot_template` (`Entry`, `Item`, `Comment`, `Chance`, `GroupId`) VALUES (1400020, 20442, "Scout's Medallion", 0, 1);
INSERT IGNORE INTO `acore_world`.`reference_loot_template` (`Entry`, `Item`, `Comment`, `Chance`, `GroupId`) VALUES (1400020, 20443, "Sentinel's Blade", 0, 1);
INSERT IGNORE INTO `acore_world`.`reference_loot_template` (`Entry`, `Item`, `Comment`, `Chance`, `GroupId`) VALUES (1400020, 20444, "Sentinel's Medallion", 0, 1);
INSERT IGNORE INTO `acore_world`.`reference_loot_template` (`Entry`, `Item`, `Comment`, `Chance`, `GroupId`) VALUES (1400020, 21566, "Rune of Perfection", 0, 1);
INSERT IGNORE INTO `acore_world`.`reference_loot_template` (`Entry`, `Item`, `Comment`, `Chance`, `GroupId`) VALUES (1400020, 21568, "Rune of Duty", 0, 1);
INSERT IGNORE INTO `acore_world`.`reference_loot_template` (`Entry`, `Item`, `Comment`, `Chance`, `GroupId`) VALUES (1400020, 22990, "Tranquillien Champion's Cloak", 0, 1);
INSERT IGNORE INTO `acore_world`.`reference_loot_template` (`Entry`, `Item`, `Comment`, `Chance`, `GroupId`) VALUES (1400020, 23171, "The Axe of Severing", 0, 1);
INSERT IGNORE INTO `acore_world`.`reference_loot_template` (`Entry`, `Item`, `Comment`, `Chance`, `GroupId`) VALUES (1400020, 23173, "Abomination Skin Leggings", 0, 1);
INSERT IGNORE INTO `acore_world`.`reference_loot_template` (`Entry`, `Item`, `Comment`, `Chance`, `GroupId`) VALUES (1400020, 30804, "Bronze Band of Force", 0, 1);
INSERT IGNORE INTO `acore_world`.`reference_loot_template` (`Entry`, `Item`, `Comment`, `Chance`, `GroupId`) VALUES (1400020, 34107, "Tattered Shoulderpads", 0, 1);
INSERT IGNORE INTO `acore_world`.`reference_loot_template` (`Entry`, `Item`, `Comment`, `Chance`, `GroupId`) VALUES (1400020, 39894, "Darkcloth Shoulders", 0, 1);
INSERT IGNORE INTO `acore_world`.`reference_loot_template` (`Entry`, `Item`, `Comment`, `Chance`, `GroupId`) VALUES (1400020, 39895, "Cloaked Shoulderpads", 0, 1);
INSERT IGNORE INTO `acore_world`.`reference_loot_template` (`Entry`, `Item`, `Comment`, `Chance`, `GroupId`) VALUES (1400020, 39897, "Azure Shoulderguards", 0, 1);
INSERT IGNORE INTO `acore_world`.`reference_loot_template` (`Entry`, `Item`, `Comment`, `Chance`, `GroupId`) VALUES (1400020, 43515, "Mystic Tome", 0, 1);
INSERT IGNORE INTO `acore_world`.`reference_loot_template` (`Entry`, `Item`, `Comment`, `Chance`, `GroupId`) VALUES (1400020, 43654, "Tome of the Dawn", 0, 1);
INSERT IGNORE INTO `acore_world`.`reference_loot_template` (`Entry`, `Item`, `Comment`, `Chance`, `GroupId`) VALUES (1400020, 43655, "Book of Survival", 0, 1);
INSERT IGNORE INTO `acore_world`.`reference_loot_template` (`Entry`, `Item`, `Comment`, `Chance`, `GroupId`) VALUES (1400020, 45626, "Spidersilk Drape", 0, 1);


INSERT IGNORE INTO `acore_world`.`reference_loot_template` (`Entry`, `Item`, `Comment`, `Chance`, `GroupId`) VALUES (1400030, 2011, "Twisted Sabre", 0, 1);
INSERT IGNORE INTO `acore_world`.`reference_loot_template` (`Entry`, `Item`, `Comment`, `Chance`, `GroupId`) VALUES (1400030, 2800, "Black Velvet Robes", 0, 1);
INSERT IGNORE INTO `acore_world`.`reference_loot_template` (`Entry`, `Item`, `Comment`, `Chance`, `GroupId`) VALUES (1400030, 2941, "Prison Shank", 0, 1);
INSERT IGNORE INTO `acore_world`.`reference_loot_template` (`Entry`, `Item`, `Comment`, `Chance`, `GroupId`) VALUES (1400030, 2942, "Iron Knuckles", 0, 1);
INSERT IGNORE INTO `acore_world`.`reference_loot_template` (`Entry`, `Item`, `Comment`, `Chance`, `GroupId`) VALUES (1400030, 3228, "Jimmied Handcuffs", 0, 1);
INSERT IGNORE INTO `acore_world`.`reference_loot_template` (`Entry`, `Item`, `Comment`, `Chance`, `GroupId`) VALUES (1400030, 3416, "Martyr's Chain", 0, 1);
INSERT IGNORE INTO `acore_world`.`reference_loot_template` (`Entry`, `Item`, `Comment`, `Chance`, `GroupId`) VALUES (1400030, 3417, "Onyx Claymore", 0, 1);
INSERT IGNORE INTO `acore_world`.`reference_loot_template` (`Entry`, `Item`, `Comment`, `Chance`, `GroupId`) VALUES (1400030, 4446, "Blackvenom Blade", 0, 1);
INSERT IGNORE INTO `acore_world`.`reference_loot_template` (`Entry`, `Item`, `Comment`, `Chance`, `GroupId`) VALUES (1400030, 4454, "Talon of Vultros", 0, 1);
INSERT IGNORE INTO `acore_world`.`reference_loot_template` (`Entry`, `Item`, `Comment`, `Chance`, `GroupId`) VALUES (1400030, 6318, "Odo's Ley Staff", 0, 1);
INSERT IGNORE INTO `acore_world`.`reference_loot_template` (`Entry`, `Item`, `Comment`, `Chance`, `GroupId`) VALUES (1400030, 6321, "Silverlaine's Family Seal", 0, 1);
INSERT IGNORE INTO `acore_world`.`reference_loot_template` (`Entry`, `Item`, `Comment`, `Chance`, `GroupId`) VALUES (1400030, 6463, "Deep Fathom Ring", 0, 1);
INSERT IGNORE INTO `acore_world`.`reference_loot_template` (`Entry`, `Item`, `Comment`, `Chance`, `GroupId`) VALUES (1400030, 13010, "Dreamsinger Legguards", 0, 1);
INSERT IGNORE INTO `acore_world`.`reference_loot_template` (`Entry`, `Item`, `Comment`, `Chance`, `GroupId`) VALUES (1400030, 13016, "Killmaim", 0, 1);
INSERT IGNORE INTO `acore_world`.`reference_loot_template` (`Entry`, `Item`, `Comment`, `Chance`, `GroupId`) VALUES (1400030, 13041, "Guardian Blade", 0, 1);
INSERT IGNORE INTO `acore_world`.`reference_loot_template` (`Entry`, `Item`, `Comment`, `Chance`, `GroupId`) VALUES (1400030, 888, "Naga Battle Gloves", 0, 1);
INSERT IGNORE INTO `acore_world`.`reference_loot_template` (`Entry`, `Item`, `Comment`, `Chance`, `GroupId`) VALUES (1400030, 1454, "Axe of the Enforcer", 0, 1);
INSERT IGNORE INTO `acore_world`.`reference_loot_template` (`Entry`, `Item`, `Comment`, `Chance`, `GroupId`) VALUES (1400030, 1493, "Heavy Marauder Scimitar", 0, 1);
INSERT IGNORE INTO `acore_world`.`reference_loot_template` (`Entry`, `Item`, `Comment`, `Chance`, `GroupId`) VALUES (1400030, 1978, "Wolfclaw Gloves", 0, 1);
INSERT IGNORE INTO `acore_world`.`reference_loot_template` (`Entry`, `Item`, `Comment`, `Chance`, `GroupId`) VALUES (1400030, 2098, "Double-barreled Shotgun", 0, 1);
INSERT IGNORE INTO `acore_world`.`reference_loot_template` (`Entry`, `Item`, `Comment`, `Chance`, `GroupId`) VALUES (1400030, 2549, "Staff of the Shade", 0, 1);
INSERT IGNORE INTO `acore_world`.`reference_loot_template` (`Entry`, `Item`, `Comment`, `Chance`, `GroupId`) VALUES (1400030, 3414, "Crested Scepter", 0, 1);
INSERT IGNORE INTO `acore_world`.`reference_loot_template` (`Entry`, `Item`, `Comment`, `Chance`, `GroupId`) VALUES (1400030, 4253, "Toughened Leather Gloves", 0, 1);
INSERT IGNORE INTO `acore_world`.`reference_loot_template` (`Entry`, `Item`, `Comment`, `Chance`, `GroupId`) VALUES (1400030, 6461, "Slime-encrusted Pads", 0, 1);
INSERT IGNORE INTO `acore_world`.`reference_loot_template` (`Entry`, `Item`, `Comment`, `Chance`, `GroupId`) VALUES (1400030, 13011, "Silver-lined Belt", 0, 1);
INSERT IGNORE INTO `acore_world`.`reference_loot_template` (`Entry`, `Item`, `Comment`, `Chance`, `GroupId`) VALUES (1400030, 13012, "Yorgen Bracers", 0, 1);
INSERT IGNORE INTO `acore_world`.`reference_loot_template` (`Entry`, `Item`, `Comment`, `Chance`, `GroupId`) VALUES (1400030, 13032, "Sword of Corruption", 0, 1);
INSERT IGNORE INTO `acore_world`.`reference_loot_template` (`Entry`, `Item`, `Comment`, `Chance`, `GroupId`) VALUES (1400030, 13062, "Thunderwood", 0, 1);
INSERT IGNORE INTO `acore_world`.`reference_loot_template` (`Entry`, `Item`, `Comment`, `Chance`, `GroupId`) VALUES (1400030, 20826, "Heavy Silver Ring", 0, 1);
INSERT IGNORE INTO `acore_world`.`reference_loot_template` (`Entry`, `Item`, `Comment`, `Chance`, `GroupId`) VALUES (1400030, 720, "Brawler Gloves", 0, 1);
INSERT IGNORE INTO `acore_world`.`reference_loot_template` (`Entry`, `Item`, `Comment`, `Chance`, `GroupId`) VALUES (1400030, 1727, "Sword of Decay", 0, 1);
INSERT IGNORE INTO `acore_world`.`reference_loot_template` (`Entry`, `Item`, `Comment`, `Chance`, `GroupId`) VALUES (1400030, 1975, "Pysan's Old Greatsword", 0, 1);
INSERT IGNORE INTO `acore_world`.`reference_loot_template` (`Entry`, `Item`, `Comment`, `Chance`, `GroupId`) VALUES (1400030, 3203, "Dense Triangle Mace", 0, 1);
INSERT IGNORE INTO `acore_world`.`reference_loot_template` (`Entry`, `Item`, `Comment`, `Chance`, `GroupId`) VALUES (1400030, 3748, "Feline Mantle", 0, 1);
INSERT IGNORE INTO `acore_world`.`reference_loot_template` (`Entry`, `Item`, `Comment`, `Chance`, `GroupId`) VALUES (1400030, 6320, "Commander's Crest", 0, 1);
INSERT IGNORE INTO `acore_world`.`reference_loot_template` (`Entry`, `Item`, `Comment`, `Chance`, `GroupId`) VALUES (1400030, 6627, "Mutant Scale Breastplate", 0, 1);
INSERT IGNORE INTO `acore_world`.`reference_loot_template` (`Entry`, `Item`, `Comment`, `Chance`, `GroupId`) VALUES (1400030, 6904, "Bite of Serra'kis", 0, 1);
INSERT IGNORE INTO `acore_world`.`reference_loot_template` (`Entry`, `Item`, `Comment`, `Chance`, `GroupId`) VALUES (1400030, 6906, "Algae Fists", 0, 1);
INSERT IGNORE INTO `acore_world`.`reference_loot_template` (`Entry`, `Item`, `Comment`, `Chance`, `GroupId`) VALUES (1400030, 9486, "Supercharger Battle Axe", 0, 1);
INSERT IGNORE INTO `acore_world`.`reference_loot_template` (`Entry`, `Item`, `Comment`, `Chance`, `GroupId`) VALUES (1400030, 9488, "Oscillating Power Hammer", 0, 1);
INSERT IGNORE INTO `acore_world`.`reference_loot_template` (`Entry`, `Item`, `Comment`, `Chance`, `GroupId`) VALUES (1400030, 13005, "Amy's Blanket", 0, 1);
INSERT IGNORE INTO `acore_world`.`reference_loot_template` (`Entry`, `Item`, `Comment`, `Chance`, `GroupId`) VALUES (1400030, 13031, "Orb of Mistmantle", 0, 1);
INSERT IGNORE INTO `acore_world`.`reference_loot_template` (`Entry`, `Item`, `Comment`, `Chance`, `GroupId`) VALUES (1400030, 13057, "Bloodpike", 0, 1);
INSERT IGNORE INTO `acore_world`.`reference_loot_template` (`Entry`, `Item`, `Comment`, `Chance`, `GroupId`) VALUES (1400030, 1155, "Rod of the Sleepwalker", 0, 1);
INSERT IGNORE INTO `acore_world`.`reference_loot_template` (`Entry`, `Item`, `Comment`, `Chance`, `GroupId`) VALUES (1400030, 1976, "Slaghammer", 0, 1);
INSERT IGNORE INTO `acore_world`.`reference_loot_template` (`Entry`, `Item`, `Comment`, `Chance`, `GroupId`) VALUES (1400030, 2039, "Plains Ring", 0, 1);
INSERT IGNORE INTO `acore_world`.`reference_loot_template` (`Entry`, `Item`, `Comment`, `Chance`, `GroupId`) VALUES (1400030, 2870, "Shining Silver Breastplate", 0, 1);
INSERT IGNORE INTO `acore_world`.`reference_loot_template` (`Entry`, `Item`, `Comment`, `Chance`, `GroupId`) VALUES (1400030, 6220, "Meteor Shard", 0, 1);
INSERT IGNORE INTO `acore_world`.`reference_loot_template` (`Entry`, `Item`, `Comment`, `Chance`, `GroupId`) VALUES (1400030, 6324, "Robes of Arugal", 0, 1);
INSERT IGNORE INTO `acore_world`.`reference_loot_template` (`Entry`, `Item`, `Comment`, `Chance`, `GroupId`) VALUES (1400030, 6392, "Belt of Arugal", 0, 1);
INSERT IGNORE INTO `acore_world`.`reference_loot_template` (`Entry`, `Item`, `Comment`, `Chance`, `GroupId`) VALUES (1400030, 6901, "Glowing Thresher Cape", 0, 1);
INSERT IGNORE INTO `acore_world`.`reference_loot_template` (`Entry`, `Item`, `Comment`, `Chance`, `GroupId`) VALUES (1400030, 9487, "Hi-tech Supergun", 0, 1);
INSERT IGNORE INTO `acore_world`.`reference_loot_template` (`Entry`, `Item`, `Comment`, `Chance`, `GroupId`) VALUES (1400030, 9490, "Gizmotron Megachopper", 0, 1);
INSERT IGNORE INTO `acore_world`.`reference_loot_template` (`Entry`, `Item`, `Comment`, `Chance`, `GroupId`) VALUES (1400030, 13024, "Beazel's Basher", 0, 1);
INSERT IGNORE INTO `acore_world`.`reference_loot_template` (`Entry`, `Item`, `Comment`, `Chance`, `GroupId`) VALUES (1400030, 13097, "Thunderbrow Ring", 0, 1);
INSERT IGNORE INTO `acore_world`.`reference_loot_template` (`Entry`, `Item`, `Comment`, `Chance`, `GroupId`) VALUES (1400030, 13099, "Moccasins of the White Hare", 0, 1);
INSERT IGNORE INTO `acore_world`.`reference_loot_template` (`Entry`, `Item`, `Comment`, `Chance`, `GroupId`) VALUES (1400030, 13131, "Sparkleshell Mantle", 0, 1);
INSERT IGNORE INTO `acore_world`.`reference_loot_template` (`Entry`, `Item`, `Comment`, `Chance`, `GroupId`) VALUES (1400030, 1717, "Double Link Tunic", 0, 1);
INSERT IGNORE INTO `acore_world`.`reference_loot_template` (`Entry`, `Item`, `Comment`, `Chance`, `GroupId`) VALUES (1400030, 2264, "Mantle of Thieves", 0, 1);
INSERT IGNORE INTO `acore_world`.`reference_loot_template` (`Entry`, `Item`, `Comment`, `Chance`, `GroupId`) VALUES (1400030, 2878, "Bearded Boneaxe", 0, 1);
INSERT IGNORE INTO `acore_world`.`reference_loot_template` (`Entry`, `Item`, `Comment`, `Chance`, `GroupId`) VALUES (1400030, 3895, "TEST Legendary", 2, 2);
INSERT IGNORE INTO `acore_world`.`reference_loot_template` (`Entry`, `Item`, `Comment`, `Chance`, `GroupId`) VALUES (1400030, 4196, "Feathered Mantle", 0, 1);
INSERT IGNORE INTO `acore_world`.`reference_loot_template` (`Entry`, `Item`, `Comment`, `Chance`, `GroupId`) VALUES (1400030, 4438, "Pugilist Bracers", 0, 1);
INSERT IGNORE INTO `acore_world`.`reference_loot_template` (`Entry`, `Item`, `Comment`, `Chance`, `GroupId`) VALUES (1400030, 7754, "Harbinger Boots", 0, 1);
INSERT IGNORE INTO `acore_world`.`reference_loot_template` (`Entry`, `Item`, `Comment`, `Chance`, `GroupId`) VALUES (1400030, 7786, "Headsplitter", 0, 1);
INSERT IGNORE INTO `acore_world`.`reference_loot_template` (`Entry`, `Item`, `Comment`, `Chance`, `GroupId`) VALUES (1400030, 9485, "Vibroblade", 0, 1);
INSERT IGNORE INTO `acore_world`.`reference_loot_template` (`Entry`, `Item`, `Comment`, `Chance`, `GroupId`) VALUES (1400030, 9509, "Petrolspill Leggings", 0, 1);
INSERT IGNORE INTO `acore_world`.`reference_loot_template` (`Entry`, `Item`, `Comment`, `Chance`, `GroupId`) VALUES (1400030, 13079, "Shield of Thorsen", 0, 1);
INSERT IGNORE INTO `acore_world`.`reference_loot_template` (`Entry`, `Item`, `Comment`, `Chance`, `GroupId`) VALUES (1400030, 13094, "The Queen's Jewel", 0, 1);
INSERT IGNORE INTO `acore_world`.`reference_loot_template` (`Entry`, `Item`, `Comment`, `Chance`, `GroupId`) VALUES (1400030, 13114, "Troll's Bane Leggings", 0, 1);
INSERT IGNORE INTO `acore_world`.`reference_loot_template` (`Entry`, `Item`, `Comment`, `Chance`, `GroupId`) VALUES (1400030, 16315, "Sergeant Major's Cape", 0, 1);
INSERT IGNORE INTO `acore_world`.`reference_loot_template` (`Entry`, `Item`, `Comment`, `Chance`, `GroupId`) VALUES (1400030, 776, "Vendetta", 0, 1);
INSERT IGNORE INTO `acore_world`.`reference_loot_template` (`Entry`, `Item`, `Comment`, `Chance`, `GroupId`) VALUES (1400030, 791, "Gnarled Ash Staff", 0, 1);
INSERT IGNORE INTO `acore_world`.`reference_loot_template` (`Entry`, `Item`, `Comment`, `Chance`, `GroupId`) VALUES (1400030, 1488, "Avenger's Armor", 0, 1);
INSERT IGNORE INTO `acore_world`.`reference_loot_template` (`Entry`, `Item`, `Comment`, `Chance`, `GroupId`) VALUES (1400030, 2278, "Forest Tracker Epaulets", 0, 1);
INSERT IGNORE INTO `acore_world`.`reference_loot_template` (`Entry`, `Item`, `Comment`, `Chance`, `GroupId`) VALUES (1400030, 6909, "Strike of the Hydra", 0, 1);
INSERT IGNORE INTO `acore_world`.`reference_loot_template` (`Entry`, `Item`, `Comment`, `Chance`, `GroupId`) VALUES (1400030, 6910, "Leech Pants", 0, 1);
INSERT IGNORE INTO `acore_world`.`reference_loot_template` (`Entry`, `Item`, `Comment`, `Chance`, `GroupId`) VALUES (1400030, 6911, "Moss Cinch", 0, 1);
INSERT IGNORE INTO `acore_world`.`reference_loot_template` (`Entry`, `Item`, `Comment`, `Chance`, `GroupId`) VALUES (1400030, 7787, "Resplendent Guardian", 0, 1);
INSERT IGNORE INTO `acore_world`.`reference_loot_template` (`Entry`, `Item`, `Comment`, `Chance`, `GroupId`) VALUES (1400030, 8226, "The Butcher", 0, 1);
INSERT IGNORE INTO `acore_world`.`reference_loot_template` (`Entry`, `Item`, `Comment`, `Chance`, `GroupId`) VALUES (1400030, 9508, "Mechbuilder's Overalls", 0, 1);
INSERT IGNORE INTO `acore_world`.`reference_loot_template` (`Entry`, `Item`, `Comment`, `Chance`, `GroupId`) VALUES (1400030, 12974, "The Black Knight", 0, 1);
INSERT IGNORE INTO `acore_world`.`reference_loot_template` (`Entry`, `Item`, `Comment`, `Chance`, `GroupId`) VALUES (1400030, 13048, "Looming Gavel", 0, 1);
INSERT IGNORE INTO `acore_world`.`reference_loot_template` (`Entry`, `Item`, `Comment`, `Chance`, `GroupId`) VALUES (1400030, 13049, "Deanship Claymore", 0, 1);
INSERT IGNORE INTO `acore_world`.`reference_loot_template` (`Entry`, `Item`, `Comment`, `Chance`, `GroupId`) VALUES (1400030, 13106, "Glowing Magical Bracelets", 0, 1);
INSERT IGNORE INTO `acore_world`.`reference_loot_template` (`Entry`, `Item`, `Comment`, `Chance`, `GroupId`) VALUES (1400030, 20832, "Moonsoul Crown", 0, 1);
INSERT IGNORE INTO `acore_world`.`reference_loot_template` (`Entry`, `Item`, `Comment`, `Chance`, `GroupId`) VALUES (1400030, 2721, "Holy Shroud", 0, 1);
INSERT IGNORE INTO `acore_world`.`reference_loot_template` (`Entry`, `Item`, `Comment`, `Chance`, `GroupId`) VALUES (1400030, 2912, "Claw of the Shadowmancer", 0, 1);
INSERT IGNORE INTO `acore_world`.`reference_loot_template` (`Entry`, `Item`, `Comment`, `Chance`, `GroupId`) VALUES (1400030, 6689, "Wind Spirit Staff", 0, 1);
INSERT IGNORE INTO `acore_world`.`reference_loot_template` (`Entry`, `Item`, `Comment`, `Chance`, `GroupId`) VALUES (1400030, 6695, "Stygian Bone Amulet", 0, 1);
INSERT IGNORE INTO `acore_world`.`reference_loot_template` (`Entry`, `Item`, `Comment`, `Chance`, `GroupId`) VALUES (1400030, 6696, "Nightstalker Bow", 0, 1);
INSERT IGNORE INTO `acore_world`.`reference_loot_template` (`Entry`, `Item`, `Comment`, `Chance`, `GroupId`) VALUES (1400030, 6697, "Batwing Mantle", 0, 1);
INSERT IGNORE INTO `acore_world`.`reference_loot_template` (`Entry`, `Item`, `Comment`, `Chance`, `GroupId`) VALUES (1400030, 7727, "Watchman Pauldrons", 0, 1);
INSERT IGNORE INTO `acore_world`.`reference_loot_template` (`Entry`, `Item`, `Comment`, `Chance`, `GroupId`) VALUES (1400030, 7753, "Bloodspiller", 0, 1);
INSERT IGNORE INTO `acore_world`.`reference_loot_template` (`Entry`, `Item`, `Comment`, `Chance`, `GroupId`) VALUES (1400030, 9452, "Hydrocane", 0, 1);
INSERT IGNORE INTO `acore_world`.`reference_loot_template` (`Entry`, `Item`, `Comment`, `Chance`, `GroupId`) VALUES (1400030, 9453, "Toxic Revenger", 0, 1);
INSERT IGNORE INTO `acore_world`.`reference_loot_template` (`Entry`, `Item`, `Comment`, `Chance`, `GroupId`) VALUES (1400030, 9454, "Acidic Walkers", 0, 1);
INSERT IGNORE INTO `acore_world`.`reference_loot_template` (`Entry`, `Item`, `Comment`, `Chance`, `GroupId`) VALUES (1400030, 9491, "Hotshot Pilot's Gloves", 0, 1);
INSERT IGNORE INTO `acore_world`.`reference_loot_template` (`Entry`, `Item`, `Comment`, `Chance`, `GroupId`) VALUES (1400030, 9510, "Caverndeep Trudgers", 0, 1);
INSERT IGNORE INTO `acore_world`.`reference_loot_template` (`Entry`, `Item`, `Comment`, `Chance`, `GroupId`) VALUES (1400030, 13019, "Harpyclaw Short Bow", 0, 1);
INSERT IGNORE INTO `acore_world`.`reference_loot_template` (`Entry`, `Item`, `Comment`, `Chance`, `GroupId`) VALUES (1400030, 13037, "Crystalpine Stinger", 0, 1);
INSERT IGNORE INTO `acore_world`.`reference_loot_template` (`Entry`, `Item`, `Comment`, `Chance`, `GroupId`) VALUES (1400030, 13127, "Frostreaver Crown", 0, 1);
INSERT IGNORE INTO `acore_world`.`reference_loot_template` (`Entry`, `Item`, `Comment`, `Chance`, `GroupId`) VALUES (1400030, 18948, "Barbaric Bracers", 0, 1);
INSERT IGNORE INTO `acore_world`.`reference_loot_template` (`Entry`, `Item`, `Comment`, `Chance`, `GroupId`) VALUES (1400030, 2299, "Burning War Axe", 0, 1);
INSERT IGNORE INTO `acore_world`.`reference_loot_template` (`Entry`, `Item`, `Comment`, `Chance`, `GroupId`) VALUES (1400030, 2816, "Death Speaker Scepter", 0, 1);
INSERT IGNORE INTO `acore_world`.`reference_loot_template` (`Entry`, `Item`, `Comment`, `Chance`, `GroupId`) VALUES (1400030, 2877, "Combatant Claymore", 0, 1);
INSERT IGNORE INTO `acore_world`.`reference_loot_template` (`Entry`, `Item`, `Comment`, `Chance`, `GroupId`) VALUES (1400030, 3020, "Enduring Cap", 0, 1);
INSERT IGNORE INTO `acore_world`.`reference_loot_template` (`Entry`, `Item`, `Comment`, `Chance`, `GroupId`) VALUES (1400030, 5819, "Sunblaze Coif", 0, 1);
INSERT IGNORE INTO `acore_world`.`reference_loot_template` (`Entry`, `Item`, `Comment`, `Chance`, `GroupId`) VALUES (1400030, 7729, "Chesterfall Musket", 0, 1);
INSERT IGNORE INTO `acore_world`.`reference_loot_template` (`Entry`, `Item`, `Comment`, `Chance`, `GroupId`) VALUES (1400030, 7752, "Dreamslayer", 0, 1);
INSERT IGNORE INTO `acore_world`.`reference_loot_template` (`Entry`, `Item`, `Comment`, `Chance`, `GroupId`) VALUES (1400030, 9405, "Girdle of Golem Strength", 0, 1);
INSERT IGNORE INTO `acore_world`.`reference_loot_template` (`Entry`, `Item`, `Comment`, `Chance`, `GroupId`) VALUES (1400030, 9455, "Emissary Cuffs", 0, 1);
INSERT IGNORE INTO `acore_world`.`reference_loot_template` (`Entry`, `Item`, `Comment`, `Chance`, `GroupId`) VALUES (1400030, 13087, "River Pride Choker", 0, 1);
INSERT IGNORE INTO `acore_world`.`reference_loot_template` (`Entry`, `Item`, `Comment`, `Chance`, `GroupId`) VALUES (1400030, 19513, "Legionnaire's Band", 0, 1);
INSERT IGNORE INTO `acore_world`.`reference_loot_template` (`Entry`, `Item`, `Comment`, `Chance`, `GroupId`) VALUES (1400030, 19517, "Protector's Band", 0, 1);
INSERT IGNORE INTO `acore_world`.`reference_loot_template` (`Entry`, `Item`, `Comment`, `Chance`, `GroupId`) VALUES (1400030, 19521, "Advisor's Ring", 0, 1);
INSERT IGNORE INTO `acore_world`.`reference_loot_template` (`Entry`, `Item`, `Comment`, `Chance`, `GroupId`) VALUES (1400030, 19525, "Lorekeeper's Ring", 0, 1);
INSERT IGNORE INTO `acore_world`.`reference_loot_template` (`Entry`, `Item`, `Comment`, `Chance`, `GroupId`) VALUES (1400030, 19529, "Battle Healer's Cloak", 0, 1);
INSERT IGNORE INTO `acore_world`.`reference_loot_template` (`Entry`, `Item`, `Comment`, `Chance`, `GroupId`) VALUES (1400030, 19533, "Caretaker's Cape", 0, 1);
INSERT IGNORE INTO `acore_world`.`reference_loot_template` (`Entry`, `Item`, `Comment`, `Chance`, `GroupId`) VALUES (1400030, 19537, "Scout's Medallion", 0, 1);
INSERT IGNORE INTO `acore_world`.`reference_loot_template` (`Entry`, `Item`, `Comment`, `Chance`, `GroupId`) VALUES (1400030, 19541, "Sentinel's Medallion", 0, 1);
INSERT IGNORE INTO `acore_world`.`reference_loot_template` (`Entry`, `Item`, `Comment`, `Chance`, `GroupId`) VALUES (1400030, 19545, "Scout's Blade", 0, 1);
INSERT IGNORE INTO `acore_world`.`reference_loot_template` (`Entry`, `Item`, `Comment`, `Chance`, `GroupId`) VALUES (1400030, 19549, "Sentinel's Blade", 0, 1);
INSERT IGNORE INTO `acore_world`.`reference_loot_template` (`Entry`, `Item`, `Comment`, `Chance`, `GroupId`) VALUES (1400030, 19553, "Legionnaire's Sword", 0, 1);
INSERT IGNORE INTO `acore_world`.`reference_loot_template` (`Entry`, `Item`, `Comment`, `Chance`, `GroupId`) VALUES (1400030, 19557, "Protector's Sword", 0, 1);
INSERT IGNORE INTO `acore_world`.`reference_loot_template` (`Entry`, `Item`, `Comment`, `Chance`, `GroupId`) VALUES (1400030, 19561, "Outrider's Bow", 0, 1);
INSERT IGNORE INTO `acore_world`.`reference_loot_template` (`Entry`, `Item`, `Comment`, `Chance`, `GroupId`) VALUES (1400030, 19565, "Outrunner's Bow", 0, 1);
INSERT IGNORE INTO `acore_world`.`reference_loot_template` (`Entry`, `Item`, `Comment`, `Chance`, `GroupId`) VALUES (1400030, 19569, "Advisor's Gnarled Staff", 0, 1);
INSERT IGNORE INTO `acore_world`.`reference_loot_template` (`Entry`, `Item`, `Comment`, `Chance`, `GroupId`) VALUES (1400030, 19573, "Lorekeeper's Staff", 0, 1);
INSERT IGNORE INTO `acore_world`.`reference_loot_template` (`Entry`, `Item`, `Comment`, `Chance`, `GroupId`) VALUES (1400030, 20090, "Highlander's Padded Girdle", 0, 1);
INSERT IGNORE INTO `acore_world`.`reference_loot_template` (`Entry`, `Item`, `Comment`, `Chance`, `GroupId`) VALUES (1400030, 20093, "Highlander's Padded Greaves", 0, 1);
INSERT IGNORE INTO `acore_world`.`reference_loot_template` (`Entry`, `Item`, `Comment`, `Chance`, `GroupId`) VALUES (1400030, 20096, "Highlander's Cloth Boots", 0, 1);
INSERT IGNORE INTO `acore_world`.`reference_loot_template` (`Entry`, `Item`, `Comment`, `Chance`, `GroupId`) VALUES (1400030, 20099, "Highlander's Cloth Girdle", 0, 1);
INSERT IGNORE INTO `acore_world`.`reference_loot_template` (`Entry`, `Item`, `Comment`, `Chance`, `GroupId`) VALUES (1400030, 20102, "Highlander's Lizardhide Boots", 0, 1);
INSERT IGNORE INTO `acore_world`.`reference_loot_template` (`Entry`, `Item`, `Comment`, `Chance`, `GroupId`) VALUES (1400030, 20105, "Highlander's Lizardhide Girdle", 0, 1);
INSERT IGNORE INTO `acore_world`.`reference_loot_template` (`Entry`, `Item`, `Comment`, `Chance`, `GroupId`) VALUES (1400030, 20108, "Highlander's Lamellar Girdle", 0, 1);
INSERT IGNORE INTO `acore_world`.`reference_loot_template` (`Entry`, `Item`, `Comment`, `Chance`, `GroupId`) VALUES (1400030, 20111, "Highlander's Lamellar Greaves", 0, 1);
INSERT IGNORE INTO `acore_world`.`reference_loot_template` (`Entry`, `Item`, `Comment`, `Chance`, `GroupId`) VALUES (1400030, 20114, "Highlander's Leather Boots", 0, 1);
INSERT IGNORE INTO `acore_world`.`reference_loot_template` (`Entry`, `Item`, `Comment`, `Chance`, `GroupId`) VALUES (1400030, 20117, "Highlander's Leather Girdle", 0, 1);
INSERT IGNORE INTO `acore_world`.`reference_loot_template` (`Entry`, `Item`, `Comment`, `Chance`, `GroupId`) VALUES (1400030, 20120, "Highlander's Mail Girdle", 0, 1);
INSERT IGNORE INTO `acore_world`.`reference_loot_template` (`Entry`, `Item`, `Comment`, `Chance`, `GroupId`) VALUES (1400030, 20123, "Highlander's Mail Greaves", 0, 1);
INSERT IGNORE INTO `acore_world`.`reference_loot_template` (`Entry`, `Item`, `Comment`, `Chance`, `GroupId`) VALUES (1400030, 20126, "Highlander's Mail Girdle", 0, 1);
INSERT IGNORE INTO `acore_world`.`reference_loot_template` (`Entry`, `Item`, `Comment`, `Chance`, `GroupId`) VALUES (1400030, 20129, "Highlander's Mail Greaves", 0, 1);
INSERT IGNORE INTO `acore_world`.`reference_loot_template` (`Entry`, `Item`, `Comment`, `Chance`, `GroupId`) VALUES (1400030, 20152, "Defiler's Chain Girdle", 0, 1);
INSERT IGNORE INTO `acore_world`.`reference_loot_template` (`Entry`, `Item`, `Comment`, `Chance`, `GroupId`) VALUES (1400030, 20157, "Defiler's Chain Greaves", 0, 1);
INSERT IGNORE INTO `acore_world`.`reference_loot_template` (`Entry`, `Item`, `Comment`, `Chance`, `GroupId`) VALUES (1400030, 20162, "Defiler's Cloth Boots", 0, 1);
INSERT IGNORE INTO `acore_world`.`reference_loot_template` (`Entry`, `Item`, `Comment`, `Chance`, `GroupId`) VALUES (1400030, 20164, "Defiler's Cloth Girdle", 0, 1);
INSERT IGNORE INTO `acore_world`.`reference_loot_template` (`Entry`, `Item`, `Comment`, `Chance`, `GroupId`) VALUES (1400030, 20169, "Defiler's Lizardhide Boots", 0, 1);
INSERT IGNORE INTO `acore_world`.`reference_loot_template` (`Entry`, `Item`, `Comment`, `Chance`, `GroupId`) VALUES (1400030, 20172, "Defiler's Lizardhide Girdle", 0, 1);
INSERT IGNORE INTO `acore_world`.`reference_loot_template` (`Entry`, `Item`, `Comment`, `Chance`, `GroupId`) VALUES (1400030, 20178, "Defiler's Lamellar Girdle", 0, 1);
INSERT IGNORE INTO `acore_world`.`reference_loot_template` (`Entry`, `Item`, `Comment`, `Chance`, `GroupId`) VALUES (1400030, 20182, "Defiler's Lamellar Greaves", 0, 1);
INSERT IGNORE INTO `acore_world`.`reference_loot_template` (`Entry`, `Item`, `Comment`, `Chance`, `GroupId`) VALUES (1400030, 20188, "Defiler's Leather Boots", 0, 1);
INSERT IGNORE INTO `acore_world`.`reference_loot_template` (`Entry`, `Item`, `Comment`, `Chance`, `GroupId`) VALUES (1400030, 20191, "Defiler's Leather Girdle", 0, 1);
INSERT IGNORE INTO `acore_world`.`reference_loot_template` (`Entry`, `Item`, `Comment`, `Chance`, `GroupId`) VALUES (1400030, 20197, "Defiler's Padded Girdle", 0, 1);
INSERT IGNORE INTO `acore_world`.`reference_loot_template` (`Entry`, `Item`, `Comment`, `Chance`, `GroupId`) VALUES (1400030, 20201, "Defiler's Mail Greaves", 0, 1);
INSERT IGNORE INTO `acore_world`.`reference_loot_template` (`Entry`, `Item`, `Comment`, `Chance`, `GroupId`) VALUES (1400030, 20207, "Defiler's Mail Girdle", 0, 1);
INSERT IGNORE INTO `acore_world`.`reference_loot_template` (`Entry`, `Item`, `Comment`, `Chance`, `GroupId`) VALUES (1400030, 20210, "Defiler's Mail Greaves", 0, 1);
INSERT IGNORE INTO `acore_world`.`reference_loot_template` (`Entry`, `Item`, `Comment`, `Chance`, `GroupId`) VALUES (1400030, 21119, "Talisman of Arathor", 0, 1);
INSERT IGNORE INTO `acore_world`.`reference_loot_template` (`Entry`, `Item`, `Comment`, `Chance`, `GroupId`) VALUES (1400030, 21120, "Defiler's Talisman", 0, 1);
INSERT IGNORE INTO `acore_world`.`reference_loot_template` (`Entry`, `Item`, `Comment`, `Chance`, `GroupId`) VALUES (1400030, 6687, "Corpsemaker", 0, 1);
INSERT IGNORE INTO `acore_world`.`reference_loot_template` (`Entry`, `Item`, `Comment`, `Chance`, `GroupId`) VALUES (1400030, 7682, "Torturing Poker", 0, 1);
INSERT IGNORE INTO `acore_world`.`reference_loot_template` (`Entry`, `Item`, `Comment`, `Chance`, `GroupId`) VALUES (1400030, 7728, "Beguiler Robes", 0, 1);
INSERT IGNORE INTO `acore_world`.`reference_loot_template` (`Entry`, `Item`, `Comment`, `Chance`, `GroupId`) VALUES (1400030, 7730, "Cobalt Crusher", 0, 1);
INSERT IGNORE INTO `acore_world`.`reference_loot_template` (`Entry`, `Item`, `Comment`, `Chance`, `GroupId`) VALUES (1400030, 9395, "Gloves of Old", 0, 1);
INSERT IGNORE INTO `acore_world`.`reference_loot_template` (`Entry`, `Item`, `Comment`, `Chance`, `GroupId`) VALUES (1400030, 9445, "Grubbis Paws", 0, 1);
INSERT IGNORE INTO `acore_world`.`reference_loot_template` (`Entry`, `Item`, `Comment`, `Chance`, `GroupId`) VALUES (1400030, 9446, "Electrocutioner Leg", 0, 1);
INSERT IGNORE INTO `acore_world`.`reference_loot_template` (`Entry`, `Item`, `Comment`, `Chance`, `GroupId`) VALUES (1400030, 9447, "Electrocutioner Lagnut", 0, 1);
INSERT IGNORE INTO `acore_world`.`reference_loot_template` (`Entry`, `Item`, `Comment`, `Chance`, `GroupId`) VALUES (1400030, 9449, "Manual Crowd Pummeler", 0, 1);
INSERT IGNORE INTO `acore_world`.`reference_loot_template` (`Entry`, `Item`, `Comment`, `Chance`, `GroupId`) VALUES (1400030, 13033, "Zealot Blade", 0, 1);
INSERT IGNORE INTO `acore_world`.`reference_loot_template` (`Entry`, `Item`, `Comment`, `Chance`, `GroupId`) VALUES (1400030, 13063, "Starfaller", 0, 1);
INSERT IGNORE INTO `acore_world`.`reference_loot_template` (`Entry`, `Item`, `Comment`, `Chance`, `GroupId`) VALUES (1400030, 13108, "Tigerstrike Mantle", 0, 1);
INSERT IGNORE INTO `acore_world`.`reference_loot_template` (`Entry`, `Item`, `Comment`, `Chance`, `GroupId`) VALUES (1400030, 13137, "Ironweaver", 0, 1);
INSERT IGNORE INTO `acore_world`.`reference_loot_template` (`Entry`, `Item`, `Comment`, `Chance`, `GroupId`) VALUES (1400030, 34227, "Deadman's Hand", 2, 2);
INSERT IGNORE INTO `acore_world`.`reference_loot_template` (`Entry`, `Item`, `Comment`, `Chance`, `GroupId`) VALUES (1400030, 45627, "Amulet of Truesight", 0, 1);
INSERT IGNORE INTO `acore_world`.`reference_loot_template` (`Entry`, `Item`, `Comment`, `Chance`, `GroupId`) VALUES (1400030, 2277, "Necromancer Leggings", 0, 1);
INSERT IGNORE INTO `acore_world`.`reference_loot_template` (`Entry`, `Item`, `Comment`, `Chance`, `GroupId`) VALUES (1400030, 2565, "Rod of Molten Fire", 0, 1);
INSERT IGNORE INTO `acore_world`.`reference_loot_template` (`Entry`, `Item`, `Comment`, `Chance`, `GroupId`) VALUES (1400030, 6691, "Swinetusk Shank", 0, 1);
INSERT IGNORE INTO `acore_world`.`reference_loot_template` (`Entry`, `Item`, `Comment`, `Chance`, `GroupId`) VALUES (1400030, 7686, "Ironspine's Eye", 0, 1);
INSERT IGNORE INTO `acore_world`.`reference_loot_template` (`Entry`, `Item`, `Comment`, `Chance`, `GroupId`) VALUES (1400030, 7687, "Ironspine's Fist", 0, 1);
INSERT IGNORE INTO `acore_world`.`reference_loot_template` (`Entry`, `Item`, `Comment`, `Chance`, `GroupId`) VALUES (1400030, 7688, "Ironspine's Ribcage", 0, 1);
INSERT IGNORE INTO `acore_world`.`reference_loot_template` (`Entry`, `Item`, `Comment`, `Chance`, `GroupId`) VALUES (1400030, 7689, "Morbid Dawn", 0, 1);
INSERT IGNORE INTO `acore_world`.`reference_loot_template` (`Entry`, `Item`, `Comment`, `Chance`, `GroupId`) VALUES (1400030, 7690, "Ebon Vise", 0, 1);
INSERT IGNORE INTO `acore_world`.`reference_loot_template` (`Entry`, `Item`, `Comment`, `Chance`, `GroupId`) VALUES (1400030, 7691, "Embalmed Shroud", 0, 1);
INSERT IGNORE INTO `acore_world`.`reference_loot_template` (`Entry`, `Item`, `Comment`, `Chance`, `GroupId`) VALUES (1400030, 7708, "Necrotic Wand", 0, 1);
INSERT IGNORE INTO `acore_world`.`reference_loot_template` (`Entry`, `Item`, `Comment`, `Chance`, `GroupId`) VALUES (1400030, 7709, "Blighted Leggings", 0, 1);
INSERT IGNORE INTO `acore_world`.`reference_loot_template` (`Entry`, `Item`, `Comment`, `Chance`, `GroupId`) VALUES (1400030, 7731, "Ghostshard Talisman", 0, 1);
INSERT IGNORE INTO `acore_world`.`reference_loot_template` (`Entry`, `Item`, `Comment`, `Chance`, `GroupId`) VALUES (1400030, 9406, "Spirewind Fetter", 0, 1);
INSERT IGNORE INTO `acore_world`.`reference_loot_template` (`Entry`, `Item`, `Comment`, `Chance`, `GroupId`) VALUES (1400030, 9428, "Unearthed Bands", 0, 1);
INSERT IGNORE INTO `acore_world`.`reference_loot_template` (`Entry`, `Item`, `Comment`, `Chance`, `GroupId`) VALUES (1400030, 9456, "Glass Shooter", 0, 1);
INSERT IGNORE INTO `acore_world`.`reference_loot_template` (`Entry`, `Item`, `Comment`, `Chance`, `GroupId`) VALUES (1400030, 9457, "Royal Diplomatic Scepter", 0, 1);
INSERT IGNORE INTO `acore_world`.`reference_loot_template` (`Entry`, `Item`, `Comment`, `Chance`, `GroupId`) VALUES (1400030, 10332, "Scarlet Boots", 0, 1);
INSERT IGNORE INTO `acore_world`.`reference_loot_template` (`Entry`, `Item`, `Comment`, `Chance`, `GroupId`) VALUES (1400030, 13045, "Viscous Hammer", 0, 1);
INSERT IGNORE INTO `acore_world`.`reference_loot_template` (`Entry`, `Item`, `Comment`, `Chance`, `GroupId`) VALUES (1400030, 13084, "Kaleidoscope Chain", 0, 1);
INSERT IGNORE INTO `acore_world`.`reference_loot_template` (`Entry`, `Item`, `Comment`, `Chance`, `GroupId`) VALUES (1400030, 13124, "Ravasaur Scale Boots", 0, 1);
INSERT IGNORE INTO `acore_world`.`reference_loot_template` (`Entry`, `Item`, `Comment`, `Chance`, `GroupId`) VALUES (1400030, 15200, "Senior Sergeant's Insignia", 0, 1);
INSERT IGNORE INTO `acore_world`.`reference_loot_template` (`Entry`, `Item`, `Comment`, `Chance`, `GroupId`) VALUES (1400030, 18427, "Sergeant's Cloak", 0, 1);
INSERT IGNORE INTO `acore_world`.`reference_loot_template` (`Entry`, `Item`, `Comment`, `Chance`, `GroupId`) VALUES (1400030, 18440, "Sergeant's Cape", 0, 1);
INSERT IGNORE INTO `acore_world`.`reference_loot_template` (`Entry`, `Item`, `Comment`, `Chance`, `GroupId`) VALUES (1400030, 18442, "Master Sergeant's Insignia", 0, 1);
INSERT IGNORE INTO `acore_world`.`reference_loot_template` (`Entry`, `Item`, `Comment`, `Chance`, `GroupId`) VALUES (1400030, 23168, "Scorn's Focal Dagger", 0, 1);
INSERT IGNORE INTO `acore_world`.`reference_loot_template` (`Entry`, `Item`, `Comment`, `Chance`, `GroupId`) VALUES (1400030, 23169, "Scorn's Icy Choker", 0, 1);
INSERT IGNORE INTO `acore_world`.`reference_loot_template` (`Entry`, `Item`, `Comment`, `Chance`, `GroupId`) VALUES (1400030, 23170, "The Frozen Clutch", 0, 1);
INSERT IGNORE INTO `acore_world`.`reference_loot_template` (`Entry`, `Item`, `Comment`, `Chance`, `GroupId`) VALUES (1400030, 43656, "Tome of Kings", 0, 1);
INSERT IGNORE INTO `acore_world`.`reference_loot_template` (`Entry`, `Item`, `Comment`, `Chance`, `GroupId`) VALUES (1400030, 43657, "Royal Guide of Escape Routes", 0, 1);
INSERT IGNORE INTO `acore_world`.`reference_loot_template` (`Entry`, `Item`, `Comment`, `Chance`, `GroupId`) VALUES (1400030, 44213, "Darkmoon Pendant", 0, 1);
INSERT IGNORE INTO `acore_world`.`reference_loot_template` (`Entry`, `Item`, `Comment`, `Chance`, `GroupId`) VALUES (1400030, 44215, "Darkmoon Necklace", 0, 1);


INSERT IGNORE INTO `acore_world`.`reference_loot_template` (`Entry`, `Item`, `Comment`, `Chance`, `GroupId`) VALUES (1400040, 1726, "Poison-tipped Bone Spear", 0, 1);
INSERT IGNORE INTO `acore_world`.`reference_loot_template` (`Entry`, `Item`, `Comment`, `Chance`, `GroupId`) VALUES (1400040, 2262, "Mark of Kern", 0, 1);
INSERT IGNORE INTO `acore_world`.`reference_loot_template` (`Entry`, `Item`, `Comment`, `Chance`, `GroupId`) VALUES (1400040, 2951, "Ring of the Underwood", 0, 1);
INSERT IGNORE INTO `acore_world`.`reference_loot_template` (`Entry`, `Item`, `Comment`, `Chance`, `GroupId`) VALUES (1400040, 3844, "Green Iron Hauberk", 0, 1);
INSERT IGNORE INTO `acore_world`.`reference_loot_template` (`Entry`, `Item`, `Comment`, `Chance`, `GroupId`) VALUES (1400040, 6331, "Howling Blade", 0, 1);
INSERT IGNORE INTO `acore_world`.`reference_loot_template` (`Entry`, `Item`, `Comment`, `Chance`, `GroupId`) VALUES (1400040, 6692, "Pronged Reaver", 0, 1);
INSERT IGNORE INTO `acore_world`.`reference_loot_template` (`Entry`, `Item`, `Comment`, `Chance`, `GroupId`) VALUES (1400040, 6693, "Agamaggan's Clutch", 0, 1);
INSERT IGNORE INTO `acore_world`.`reference_loot_template` (`Entry`, `Item`, `Comment`, `Chance`, `GroupId`) VALUES (1400040, 6694, "Heart of Agamaggan", 0, 1);
INSERT IGNORE INTO `acore_world`.`reference_loot_template` (`Entry`, `Item`, `Comment`, `Chance`, `GroupId`) VALUES (1400040, 7710, "Loksey's Training Stick", 0, 1);
INSERT IGNORE INTO `acore_world`.`reference_loot_template` (`Entry`, `Item`, `Comment`, `Chance`, `GroupId`) VALUES (1400040, 8225, "Tainted Pierce", 0, 1);
INSERT IGNORE INTO `acore_world`.`reference_loot_template` (`Entry`, `Item`, `Comment`, `Chance`, `GroupId`) VALUES (1400040, 9384, "Stonevault Shiv", 0, 1);
INSERT IGNORE INTO `acore_world`.`reference_loot_template` (`Entry`, `Item`, `Comment`, `Chance`, `GroupId`) VALUES (1400040, 9385, "Archaic Defender", 0, 1);
INSERT IGNORE INTO `acore_world`.`reference_loot_template` (`Entry`, `Item`, `Comment`, `Chance`, `GroupId`) VALUES (1400040, 9386, "Excavator's Brand", 0, 1);
INSERT IGNORE INTO `acore_world`.`reference_loot_template` (`Entry`, `Item`, `Comment`, `Chance`, `GroupId`) VALUES (1400040, 9435, "Reticulated Bone Gauntlets", 0, 1);
INSERT IGNORE INTO `acore_world`.`reference_loot_template` (`Entry`, `Item`, `Comment`, `Chance`, `GroupId`) VALUES (1400040, 10582, "Briar Tredders", 0, 1);
INSERT IGNORE INTO `acore_world`.`reference_loot_template` (`Entry`, `Item`, `Comment`, `Chance`, `GroupId`) VALUES (1400040, 10584, "Stormgale Fists", 0, 1);
INSERT IGNORE INTO `acore_world`.`reference_loot_template` (`Entry`, `Item`, `Comment`, `Chance`, `GroupId`) VALUES (1400040, 13110, "Wolffear Harness", 0, 1);
INSERT IGNORE INTO `acore_world`.`reference_loot_template` (`Entry`, `Item`, `Comment`, `Chance`, `GroupId`) VALUES (1400040, 29157, "Golden Ring of Power", 0, 1);
INSERT IGNORE INTO `acore_world`.`reference_loot_template` (`Entry`, `Item`, `Comment`, `Chance`, `GroupId`) VALUES (1400040, 934, "Stalvan's Reaper", 0, 1);
INSERT IGNORE INTO `acore_world`.`reference_loot_template` (`Entry`, `Item`, `Comment`, `Chance`, `GroupId`) VALUES (1400040, 1678, "Black Ogre Kickers", 0, 1);
INSERT IGNORE INTO `acore_world`.`reference_loot_template` (`Entry`, `Item`, `Comment`, `Chance`, `GroupId`) VALUES (1400040, 2276, "Swampwalker Boots", 0, 1);
INSERT IGNORE INTO `acore_world`.`reference_loot_template` (`Entry`, `Item`, `Comment`, `Chance`, `GroupId`) VALUES (1400040, 4262, "Gem-studded Leather Belt", 0, 1);
INSERT IGNORE INTO `acore_world`.`reference_loot_template` (`Entry`, `Item`, `Comment`, `Chance`, `GroupId`) VALUES (1400040, 5257, "Dark Hooded Cape", 0, 1);
INSERT IGNORE INTO `acore_world`.`reference_loot_template` (`Entry`, `Item`, `Comment`, `Chance`, `GroupId`) VALUES (1400040, 5756, "Sliverblade", 0, 1);
INSERT IGNORE INTO `acore_world`.`reference_loot_template` (`Entry`, `Item`, `Comment`, `Chance`, `GroupId`) VALUES (1400040, 6327, "The Pacifier", 0, 1);
INSERT IGNORE INTO `acore_world`.`reference_loot_template` (`Entry`, `Item`, `Comment`, `Chance`, `GroupId`) VALUES (1400040, 7757, "Windweaver Staff", 0, 1);
INSERT IGNORE INTO `acore_world`.`reference_loot_template` (`Entry`, `Item`, `Comment`, `Chance`, `GroupId`) VALUES (1400040, 8223, "Blade of the Basilisk", 0, 1);
INSERT IGNORE INTO `acore_world`.`reference_loot_template` (`Entry`, `Item`, `Comment`, `Chance`, `GroupId`) VALUES (1400040, 9391, "The Shoveler", 0, 1);
INSERT IGNORE INTO `acore_world`.`reference_loot_template` (`Entry`, `Item`, `Comment`, `Chance`, `GroupId`) VALUES (1400040, 9420, "Adventurer's Pith Helmet", 0, 1);
INSERT IGNORE INTO `acore_world`.`reference_loot_template` (`Entry`, `Item`, `Comment`, `Chance`, `GroupId`) VALUES (1400040, 9458, "Thermaplugg's Central Core", 0, 1);
INSERT IGNORE INTO `acore_world`.`reference_loot_template` (`Entry`, `Item`, `Comment`, `Chance`, `GroupId`) VALUES (1400040, 9459, "Thermaplugg's Left Arm", 0, 1);
INSERT IGNORE INTO `acore_world`.`reference_loot_template` (`Entry`, `Item`, `Comment`, `Chance`, `GroupId`) VALUES (1400040, 9461, "Charged Gear", 0, 1);
INSERT IGNORE INTO `acore_world`.`reference_loot_template` (`Entry`, `Item`, `Comment`, `Chance`, `GroupId`) VALUES (1400040, 9492, "Electromagnetic Gigaflux Reactivator", 0, 1);
INSERT IGNORE INTO `acore_world`.`reference_loot_template` (`Entry`, `Item`, `Comment`, `Chance`, `GroupId`) VALUES (1400040, 10571, "Ebony Boneclub", 0, 1);
INSERT IGNORE INTO `acore_world`.`reference_loot_template` (`Entry`, `Item`, `Comment`, `Chance`, `GroupId`) VALUES (1400040, 10573, "Boneslasher", 0, 1);
INSERT IGNORE INTO `acore_world`.`reference_loot_template` (`Entry`, `Item`, `Comment`, `Chance`, `GroupId`) VALUES (1400040, 13025, "Deadwood Sledge", 0, 1);
INSERT IGNORE INTO `acore_world`.`reference_loot_template` (`Entry`, `Item`, `Comment`, `Chance`, `GroupId`) VALUES (1400040, 13093, "Blush Ember Ring", 0, 1);
INSERT IGNORE INTO `acore_world`.`reference_loot_template` (`Entry`, `Item`, `Comment`, `Chance`, `GroupId`) VALUES (1400040, 13105, "Sutarn's Ring", 0, 1);
INSERT IGNORE INTO `acore_world`.`reference_loot_template` (`Entry`, `Item`, `Comment`, `Chance`, `GroupId`) VALUES (1400040, 936, "Midnight Mace", 0, 1);
INSERT IGNORE INTO `acore_world`.`reference_loot_template` (`Entry`, `Item`, `Comment`, `Chance`, `GroupId`) VALUES (1400040, 937, "Black Duskwood Staff", 0, 1);
INSERT IGNORE INTO `acore_world`.`reference_loot_template` (`Entry`, `Item`, `Comment`, `Chance`, `GroupId`) VALUES (1400040, 1992, "Swampchill Fetish", 0, 1);
INSERT IGNORE INTO `acore_world`.`reference_loot_template` (`Entry`, `Item`, `Comment`, `Chance`, `GroupId`) VALUES (1400040, 7054, "Robe of Power", 0, 1);
INSERT IGNORE INTO `acore_world`.`reference_loot_template` (`Entry`, `Item`, `Comment`, `Chance`, `GroupId`) VALUES (1400040, 7685, "Orb of the Forgotten Seer", 0, 1);
INSERT IGNORE INTO `acore_world`.`reference_loot_template` (`Entry`, `Item`, `Comment`, `Chance`, `GroupId`) VALUES (1400040, 7755, "Flintrock Shoulders", 0, 1);
INSERT IGNORE INTO `acore_world`.`reference_loot_template` (`Entry`, `Item`, `Comment`, `Chance`, `GroupId`) VALUES (1400040, 7759, "Archon Chestpiece", 0, 1);
INSERT IGNORE INTO `acore_world`.`reference_loot_template` (`Entry`, `Item`, `Comment`, `Chance`, `GroupId`) VALUES (1400040, 7761, "Steelclaw Reaver", 0, 1);
INSERT IGNORE INTO `acore_world`.`reference_loot_template` (`Entry`, `Item`, `Comment`, `Chance`, `GroupId`) VALUES (1400040, 9375, "Expert Goldminer's Helmet", 0, 1);
INSERT IGNORE INTO `acore_world`.`reference_loot_template` (`Entry`, `Item`, `Comment`, `Chance`, `GroupId`) VALUES (1400040, 9378, "Shovelphlange's Mining Axe", 0, 1);
INSERT IGNORE INTO `acore_world`.`reference_loot_template` (`Entry`, `Item`, `Comment`, `Chance`, `GroupId`) VALUES (1400040, 9381, "Earthen Rod", 0, 1);
INSERT IGNORE INTO `acore_world`.`reference_loot_template` (`Entry`, `Item`, `Comment`, `Chance`, `GroupId`) VALUES (1400040, 9393, "Beacon of Hope", 0, 1);
INSERT IGNORE INTO `acore_world`.`reference_loot_template` (`Entry`, `Item`, `Comment`, `Chance`, `GroupId`) VALUES (1400040, 9718, "Reforged Blade of Heroes", 0, 1);
INSERT IGNORE INTO `acore_world`.`reference_loot_template` (`Entry`, `Item`, `Comment`, `Chance`, `GroupId`) VALUES (1400040, 10567, "Quillshooter", 0, 1);
INSERT IGNORE INTO `acore_world`.`reference_loot_template` (`Entry`, `Item`, `Comment`, `Chance`, `GroupId`) VALUES (1400040, 10578, "Thoughtcast Boots", 0, 1);
INSERT IGNORE INTO `acore_world`.`reference_loot_template` (`Entry`, `Item`, `Comment`, `Chance`, `GroupId`) VALUES (1400040, 13081, "Skullance Shield", 0, 1);
INSERT IGNORE INTO `acore_world`.`reference_loot_template` (`Entry`, `Item`, `Comment`, `Chance`, `GroupId`) VALUES (1400040, 13103, "Pads of the Venom Spider", 0, 1);
INSERT IGNORE INTO `acore_world`.`reference_loot_template` (`Entry`, `Item`, `Comment`, `Chance`, `GroupId`) VALUES (1400040, 13121, "Wing of the Whelpling", 0, 1);
INSERT IGNORE INTO `acore_world`.`reference_loot_template` (`Entry`, `Item`, `Comment`, `Chance`, `GroupId`) VALUES (1400040, 1265, "Scorpion Sting", 0, 1);
INSERT IGNORE INTO `acore_world`.`reference_loot_template` (`Entry`, `Item`, `Comment`, `Chance`, `GroupId`) VALUES (1400040, 1602, "Sickle Axe", 0, 1);
INSERT IGNORE INTO `acore_world`.`reference_loot_template` (`Entry`, `Item`, `Comment`, `Chance`, `GroupId`) VALUES (1400040, 7713, "Illusionary Rod", 0, 1);
INSERT IGNORE INTO `acore_world`.`reference_loot_template` (`Entry`, `Item`, `Comment`, `Chance`, `GroupId`) VALUES (1400040, 7714, "Hypnotic Blade", 0, 1);
INSERT IGNORE INTO `acore_world`.`reference_loot_template` (`Entry`, `Item`, `Comment`, `Chance`, `GroupId`) VALUES (1400040, 7736, "Fight Club", 0, 1);
INSERT IGNORE INTO `acore_world`.`reference_loot_template` (`Entry`, `Item`, `Comment`, `Chance`, `GroupId`) VALUES (1400040, 7758, "Ruthless Shiv", 0, 1);
INSERT IGNORE INTO `acore_world`.`reference_loot_template` (`Entry`, `Item`, `Comment`, `Chance`, `GroupId`) VALUES (1400040, 7760, "Warchief Kilt", 0, 1);
INSERT IGNORE INTO `acore_world`.`reference_loot_template` (`Entry`, `Item`, `Comment`, `Chance`, `GroupId`) VALUES (1400040, 8006, "The Ziggler", 0, 1);
INSERT IGNORE INTO `acore_world`.`reference_loot_template` (`Entry`, `Item`, `Comment`, `Chance`, `GroupId`) VALUES (1400040, 9396, "Legguards of the Vault", 0, 1);
INSERT IGNORE INTO `acore_world`.`reference_loot_template` (`Entry`, `Item`, `Comment`, `Chance`, `GroupId`) VALUES (1400040, 9397, "Energy Cloak", 0, 1);
INSERT IGNORE INTO `acore_world`.`reference_loot_template` (`Entry`, `Item`, `Comment`, `Chance`, `GroupId`) VALUES (1400040, 10328, "Scarlet Chestpiece", 0, 1);
INSERT IGNORE INTO `acore_world`.`reference_loot_template` (`Entry`, `Item`, `Comment`, `Chance`, `GroupId`) VALUES (1400040, 10570, "Manslayer", 0, 1);
INSERT IGNORE INTO `acore_world`.`reference_loot_template` (`Entry`, `Item`, `Comment`, `Chance`, `GroupId`) VALUES (1400040, 10572, "Freezing Shard", 0, 1);
INSERT IGNORE INTO `acore_world`.`reference_loot_template` (`Entry`, `Item`, `Comment`, `Chance`, `GroupId`) VALUES (1400040, 10583, "Quillward Harness", 0, 1);
INSERT IGNORE INTO `acore_world`.`reference_loot_template` (`Entry`, `Item`, `Comment`, `Chance`, `GroupId`) VALUES (1400040, 13020, "Skystriker Bow", 0, 1);
INSERT IGNORE INTO `acore_world`.`reference_loot_template` (`Entry`, `Item`, `Comment`, `Chance`, `GroupId`) VALUES (1400040, 13119, "Enchanted Kodo Bracers", 0, 1);
INSERT IGNORE INTO `acore_world`.`reference_loot_template` (`Entry`, `Item`, `Comment`, `Chance`, `GroupId`) VALUES (1400040, 13129, "Firemane Leggings", 0, 1);
INSERT IGNORE INTO `acore_world`.`reference_loot_template` (`Entry`, `Item`, `Comment`, `Chance`, `GroupId`) VALUES (1400040, 870, "Fiery War Axe", 2, 2);
INSERT IGNORE INTO `acore_world`.`reference_loot_template` (`Entry`, `Item`, `Comment`, `Chance`, `GroupId`) VALUES (1400040, 873, "Staff of Jordan", 2, 2);
INSERT IGNORE INTO `acore_world`.`reference_loot_template` (`Entry`, `Item`, `Comment`, `Chance`, `GroupId`) VALUES (1400040, 1444, "Deprecated Inferno Stone", 0, 1);
INSERT IGNORE INTO `acore_world`.`reference_loot_template` (`Entry`, `Item`, `Comment`, `Chance`, `GroupId`) VALUES (1400040, 1716, "Robe of the Magi", 0, 1);
INSERT IGNORE INTO `acore_world`.`reference_loot_template` (`Entry`, `Item`, `Comment`, `Chance`, `GroupId`) VALUES (1400040, 3687, "Deprecated Unholy Avenger", 2, 2);
INSERT IGNORE INTO `acore_world`.`reference_loot_template` (`Entry`, `Item`, `Comment`, `Chance`, `GroupId`) VALUES (1400040, 4327, "Icy Cloak", 0, 1);
INSERT IGNORE INTO `acore_world`.`reference_loot_template` (`Entry`, `Item`, `Comment`, `Chance`, `GroupId`) VALUES (1400040, 9240, "Mallet of Zul'Farrak", 0, 1);
INSERT IGNORE INTO `acore_world`.`reference_loot_template` (`Entry`, `Item`, `Comment`, `Chance`, `GroupId`) VALUES (1400040, 9383, "Obsidian Cleaver", 0, 1);
INSERT IGNORE INTO `acore_world`.`reference_loot_template` (`Entry`, `Item`, `Comment`, `Chance`, `GroupId`) VALUES (1400040, 9392, "Annealed Blade", 0, 1);
INSERT IGNORE INTO `acore_world`.`reference_loot_template` (`Entry`, `Item`, `Comment`, `Chance`, `GroupId`) VALUES (1400040, 9407, "Stoneweaver Leggings", 0, 1);
INSERT IGNORE INTO `acore_world`.`reference_loot_template` (`Entry`, `Item`, `Comment`, `Chance`, `GroupId`) VALUES (1400040, 10574, "Corpseshroud", 0, 1);
INSERT IGNORE INTO `acore_world`.`reference_loot_template` (`Entry`, `Item`, `Comment`, `Chance`, `GroupId`) VALUES (1400040, 10581, "Death's Head Vestment", 0, 1);
INSERT IGNORE INTO `acore_world`.`reference_loot_template` (`Entry`, `Item`, `Comment`, `Chance`, `GroupId`) VALUES (1400040, 10758, "X'caliboar", 0, 1);
INSERT IGNORE INTO `acore_world`.`reference_loot_template` (`Entry`, `Item`, `Comment`, `Chance`, `GroupId`) VALUES (1400040, 10766, "Plaguerot Sprig", 0, 1);
INSERT IGNORE INTO `acore_world`.`reference_loot_template` (`Entry`, `Item`, `Comment`, `Chance`, `GroupId`) VALUES (1400040, 10776, "Silky Spider Cape", 0, 1);
INSERT IGNORE INTO `acore_world`.`reference_loot_template` (`Entry`, `Item`, `Comment`, `Chance`, `GroupId`) VALUES (1400040, 13017, "Hellslayer Battle Axe", 0, 1);
INSERT IGNORE INTO `acore_world`.`reference_loot_template` (`Entry`, `Item`, `Comment`, `Chance`, `GroupId`) VALUES (1400040, 13038, "Swiftwind", 0, 1);
INSERT IGNORE INTO `acore_world`.`reference_loot_template` (`Entry`, `Item`, `Comment`, `Chance`, `GroupId`) VALUES (1400040, 13054, "Grim Reaper", 0, 1);
INSERT IGNORE INTO `acore_world`.`reference_loot_template` (`Entry`, `Item`, `Comment`, `Chance`, `GroupId`) VALUES (1400040, 18238, "Shadowskin Gloves", 0, 1);
INSERT IGNORE INTO `acore_world`.`reference_loot_template` (`Entry`, `Item`, `Comment`, `Chance`, `GroupId`) VALUES (1400040, 18438, "Sergeant's Mark", 0, 1);
INSERT IGNORE INTO `acore_world`.`reference_loot_template` (`Entry`, `Item`, `Comment`, `Chance`, `GroupId`) VALUES (1400040, 29158, "Truesilver Commander's Ring", 0, 1);
INSERT IGNORE INTO `acore_world`.`reference_loot_template` (`Entry`, `Item`, `Comment`, `Chance`, `GroupId`) VALUES (1400040, 869, "Dazzling Longsword", 2, 2);
INSERT IGNORE INTO `acore_world`.`reference_loot_template` (`Entry`, `Item`, `Comment`, `Chance`, `GroupId`) VALUES (1400040, 1204, "The Green Tower", 2, 2);
INSERT IGNORE INTO `acore_world`.`reference_loot_template` (`Entry`, `Item`, `Comment`, `Chance`, `GroupId`) VALUES (1400040, 9424, "Ginn-su Sword", 0, 1);
INSERT IGNORE INTO `acore_world`.`reference_loot_template` (`Entry`, `Item`, `Comment`, `Chance`, `GroupId`) VALUES (1400040, 9426, "Monolithic Bow", 0, 1);
INSERT IGNORE INTO `acore_world`.`reference_loot_template` (`Entry`, `Item`, `Comment`, `Chance`, `GroupId`) VALUES (1400040, 9434, "Elemental Raiment", 0, 1);
INSERT IGNORE INTO `acore_world`.`reference_loot_template` (`Entry`, `Item`, `Comment`, `Chance`, `GroupId`) VALUES (1400040, 10769, "Glowing Eye of Mordresh", 0, 1);
INSERT IGNORE INTO `acore_world`.`reference_loot_template` (`Entry`, `Item`, `Comment`, `Chance`, `GroupId`) VALUES (1400040, 10770, "Mordresh's Lifeless Skull", 0, 1);
INSERT IGNORE INTO `acore_world`.`reference_loot_template` (`Entry`, `Item`, `Comment`, `Chance`, `GroupId`) VALUES (1400040, 10771, "Deathmage Sash", 0, 1);
INSERT IGNORE INTO `acore_world`.`reference_loot_template` (`Entry`, `Item`, `Comment`, `Chance`, `GroupId`) VALUES (1400040, 13034, "Speedsteel Rapier", 0, 1);
INSERT IGNORE INTO `acore_world`.`reference_loot_template` (`Entry`, `Item`, `Comment`, `Chance`, `GroupId`) VALUES (1400040, 13042, "Sword of the Magistrate", 0, 1);
INSERT IGNORE INTO `acore_world`.`reference_loot_template` (`Entry`, `Item`, `Comment`, `Chance`, `GroupId`) VALUES (1400040, 13088, "Gazlowe's Charm", 0, 1);
INSERT IGNORE INTO `acore_world`.`reference_loot_template` (`Entry`, `Item`, `Comment`, `Chance`, `GroupId`) VALUES (1400040, 13199, "Crushridge Bindings", 0, 1);
INSERT IGNORE INTO `acore_world`.`reference_loot_template` (`Entry`, `Item`, `Comment`, `Chance`, `GroupId`) VALUES (1400040, 23177, "Lady Falther'ess' Finger", 0, 1);
INSERT IGNORE INTO `acore_world`.`reference_loot_template` (`Entry`, `Item`, `Comment`, `Chance`, `GroupId`) VALUES (1400040, 23178, "Mantle of Lady Falther'ess", 0, 1);
INSERT IGNORE INTO `acore_world`.`reference_loot_template` (`Entry`, `Item`, `Comment`, `Chance`, `GroupId`) VALUES (1400040, 867, "Gloves of Holy Might", 2, 2);
INSERT IGNORE INTO `acore_world`.`reference_loot_template` (`Entry`, `Item`, `Comment`, `Chance`, `GroupId`) VALUES (1400040, 1722, "Thornstone Sledgehammer", 0, 1);
INSERT IGNORE INTO `acore_world`.`reference_loot_template` (`Entry`, `Item`, `Comment`, `Chance`, `GroupId`) VALUES (1400040, 2825, "Bow of Searing Arrows", 2, 2);
INSERT IGNORE INTO `acore_world`.`reference_loot_template` (`Entry`, `Item`, `Comment`, `Chance`, `GroupId`) VALUES (1400040, 7717, "Ravager", 0, 1);
INSERT IGNORE INTO `acore_world`.`reference_loot_template` (`Entry`, `Item`, `Comment`, `Chance`, `GroupId`) VALUES (1400040, 7718, "Herod's Shoulder", 0, 1);
INSERT IGNORE INTO `acore_world`.`reference_loot_template` (`Entry`, `Item`, `Comment`, `Chance`, `GroupId`) VALUES (1400040, 7719, "Raging Berserker's Helm", 0, 1);
INSERT IGNORE INTO `acore_world`.`reference_loot_template` (`Entry`, `Item`, `Comment`, `Chance`, `GroupId`) VALUES (1400040, 9404, "Olaf's All Purpose Shield", 0, 1);
INSERT IGNORE INTO `acore_world`.`reference_loot_template` (`Entry`, `Item`, `Comment`, `Chance`, `GroupId`) VALUES (1400040, 9408, "Ironshod Bludgeon", 0, 1);
INSERT IGNORE INTO `acore_world`.`reference_loot_template` (`Entry`, `Item`, `Comment`, `Chance`, `GroupId`) VALUES (1400040, 9409, "Ironaya's Bracers", 0, 1);
INSERT IGNORE INTO `acore_world`.`reference_loot_template` (`Entry`, `Item`, `Comment`, `Chance`, `GroupId`) VALUES (1400040, 9427, "Stonevault Bonebreaker", 0, 1);
INSERT IGNORE INTO `acore_world`.`reference_loot_template` (`Entry`, `Item`, `Comment`, `Chance`, `GroupId`) VALUES (1400040, 10767, "Savage Boar's Guard", 0, 1);
INSERT IGNORE INTO `acore_world`.`reference_loot_template` (`Entry`, `Item`, `Comment`, `Chance`, `GroupId`) VALUES (1400040, 10768, "Boar Champion's Belt", 0, 1);
INSERT IGNORE INTO `acore_world`.`reference_loot_template` (`Entry`, `Item`, `Comment`, `Chance`, `GroupId`) VALUES (1400040, 10774, "Fleshhide Shoulders", 0, 1);
INSERT IGNORE INTO `acore_world`.`reference_loot_template` (`Entry`, `Item`, `Comment`, `Chance`, `GroupId`) VALUES (1400040, 10777, "Arachnid Gloves", 0, 1);
INSERT IGNORE INTO `acore_world`.`reference_loot_template` (`Entry`, `Item`, `Comment`, `Chance`, `GroupId`) VALUES (1400040, 13064, "Jaina's Firestarter", 0, 1);
INSERT IGNORE INTO `acore_world`.`reference_loot_template` (`Entry`, `Item`, `Comment`, `Chance`, `GroupId`) VALUES (1400040, 13117, "Ogron's Sash", 0, 1);
INSERT IGNORE INTO `acore_world`.`reference_loot_template` (`Entry`, `Item`, `Comment`, `Chance`, `GroupId`) VALUES (1400040, 13138, "The Silencer", 0, 1);
INSERT IGNORE INTO `acore_world`.`reference_loot_template` (`Entry`, `Item`, `Comment`, `Chance`, `GroupId`) VALUES (1400040, 20964, "Aquamarine Signet", 0, 1);
INSERT IGNORE INTO `acore_world`.`reference_loot_template` (`Entry`, `Item`, `Comment`, `Chance`, `GroupId`) VALUES (1400040, 868, "Ardent Custodian", 2, 2);
INSERT IGNORE INTO `acore_world`.`reference_loot_template` (`Entry`, `Item`, `Comment`, `Chance`, `GroupId`) VALUES (1400040, 1714, "Necklace of Calisea", 0, 1);
INSERT IGNORE INTO `acore_world`.`reference_loot_template` (`Entry`, `Item`, `Comment`, `Chance`, `GroupId`) VALUES (1400040, 1718, "Basilisk Hide Pants", 0, 1);
INSERT IGNORE INTO `acore_world`.`reference_loot_template` (`Entry`, `Item`, `Comment`, `Chance`, `GroupId`) VALUES (1400040, 1980, "Underworld Band", 2, 2);
INSERT IGNORE INTO `acore_world`.`reference_loot_template` (`Entry`, `Item`, `Comment`, `Chance`, `GroupId`) VALUES (1400040, 2802, "Blazing Emblem", 0, 1);
INSERT IGNORE INTO `acore_world`.`reference_loot_template` (`Entry`, `Item`, `Comment`, `Chance`, `GroupId`) VALUES (1400040, 9401, "Nordic Longshank", 0, 1);
INSERT IGNORE INTO `acore_world`.`reference_loot_template` (`Entry`, `Item`, `Comment`, `Chance`, `GroupId`) VALUES (1400040, 9422, "Shadowforge Bushmaster", 0, 1);
INSERT IGNORE INTO `acore_world`.`reference_loot_template` (`Entry`, `Item`, `Comment`, `Chance`, `GroupId`) VALUES (1400040, 9431, "Papal Fez", 0, 1);
INSERT IGNORE INTO `acore_world`.`reference_loot_template` (`Entry`, `Item`, `Comment`, `Chance`, `GroupId`) VALUES (1400040, 10330, "Scarlet Leggings", 0, 1);
INSERT IGNORE INTO `acore_world`.`reference_loot_template` (`Entry`, `Item`, `Comment`, `Chance`, `GroupId`) VALUES (1400040, 13029, "Umbral Crystal", 0, 1);
INSERT IGNORE INTO `acore_world`.`reference_loot_template` (`Entry`, `Item`, `Comment`, `Chance`, `GroupId`) VALUES (1400040, 13132, "Skeletal Shoulders", 0, 1);
INSERT IGNORE INTO `acore_world`.`reference_loot_template` (`Entry`, `Item`, `Comment`, `Chance`, `GroupId`) VALUES (1400040, 19512, "Legionnaire's Band", 0, 1);
INSERT IGNORE INTO `acore_world`.`reference_loot_template` (`Entry`, `Item`, `Comment`, `Chance`, `GroupId`) VALUES (1400040, 19515, "Protector's Band", 0, 1);
INSERT IGNORE INTO `acore_world`.`reference_loot_template` (`Entry`, `Item`, `Comment`, `Chance`, `GroupId`) VALUES (1400040, 19520, "Advisor's Ring", 0, 1);
INSERT IGNORE INTO `acore_world`.`reference_loot_template` (`Entry`, `Item`, `Comment`, `Chance`, `GroupId`) VALUES (1400040, 19524, "Lorekeeper's Ring", 0, 1);
INSERT IGNORE INTO `acore_world`.`reference_loot_template` (`Entry`, `Item`, `Comment`, `Chance`, `GroupId`) VALUES (1400040, 19528, "Battle Healer's Cloak", 0, 1);
INSERT IGNORE INTO `acore_world`.`reference_loot_template` (`Entry`, `Item`, `Comment`, `Chance`, `GroupId`) VALUES (1400040, 19532, "Caretaker's Cape", 0, 1);
INSERT IGNORE INTO `acore_world`.`reference_loot_template` (`Entry`, `Item`, `Comment`, `Chance`, `GroupId`) VALUES (1400040, 19536, "Scout's Medallion", 0, 1);
INSERT IGNORE INTO `acore_world`.`reference_loot_template` (`Entry`, `Item`, `Comment`, `Chance`, `GroupId`) VALUES (1400040, 19540, "Sentinel's Medallion", 0, 1);
INSERT IGNORE INTO `acore_world`.`reference_loot_template` (`Entry`, `Item`, `Comment`, `Chance`, `GroupId`) VALUES (1400040, 19544, "Scout's Blade", 0, 1);
INSERT IGNORE INTO `acore_world`.`reference_loot_template` (`Entry`, `Item`, `Comment`, `Chance`, `GroupId`) VALUES (1400040, 19548, "Sentinel's Blade", 0, 1);
INSERT IGNORE INTO `acore_world`.`reference_loot_template` (`Entry`, `Item`, `Comment`, `Chance`, `GroupId`) VALUES (1400040, 19552, "Legionnaire's Sword", 0, 1);
INSERT IGNORE INTO `acore_world`.`reference_loot_template` (`Entry`, `Item`, `Comment`, `Chance`, `GroupId`) VALUES (1400040, 19556, "Protector's Sword", 0, 1);
INSERT IGNORE INTO `acore_world`.`reference_loot_template` (`Entry`, `Item`, `Comment`, `Chance`, `GroupId`) VALUES (1400040, 19560, "Outrider's Bow", 0, 1);
INSERT IGNORE INTO `acore_world`.`reference_loot_template` (`Entry`, `Item`, `Comment`, `Chance`, `GroupId`) VALUES (1400040, 19564, "Outrunner's Bow", 0, 1);
INSERT IGNORE INTO `acore_world`.`reference_loot_template` (`Entry`, `Item`, `Comment`, `Chance`, `GroupId`) VALUES (1400040, 19568, "Advisor's Gnarled Staff", 0, 1);
INSERT IGNORE INTO `acore_world`.`reference_loot_template` (`Entry`, `Item`, `Comment`, `Chance`, `GroupId`) VALUES (1400040, 19572, "Lorekeeper's Staff", 0, 1);
INSERT IGNORE INTO `acore_world`.`reference_loot_template` (`Entry`, `Item`, `Comment`, `Chance`, `GroupId`) VALUES (1400040, 20095, "Highlander's Cloth Boots", 0, 1);
INSERT IGNORE INTO `acore_world`.`reference_loot_template` (`Entry`, `Item`, `Comment`, `Chance`, `GroupId`) VALUES (1400040, 20098, "Highlander's Cloth Girdle", 0, 1);
INSERT IGNORE INTO `acore_world`.`reference_loot_template` (`Entry`, `Item`, `Comment`, `Chance`, `GroupId`) VALUES (1400040, 20101, "Highlander's Lizardhide Boots", 0, 1);
INSERT IGNORE INTO `acore_world`.`reference_loot_template` (`Entry`, `Item`, `Comment`, `Chance`, `GroupId`) VALUES (1400040, 20104, "Highlander's Lizardhide Girdle", 0, 1);
INSERT IGNORE INTO `acore_world`.`reference_loot_template` (`Entry`, `Item`, `Comment`, `Chance`, `GroupId`) VALUES (1400040, 20113, "Highlander's Leather Boots", 0, 1);
INSERT IGNORE INTO `acore_world`.`reference_loot_template` (`Entry`, `Item`, `Comment`, `Chance`, `GroupId`) VALUES (1400040, 20116, "Highlander's Leather Girdle", 0, 1);
INSERT IGNORE INTO `acore_world`.`reference_loot_template` (`Entry`, `Item`, `Comment`, `Chance`, `GroupId`) VALUES (1400040, 20161, "Defiler's Cloth Boots", 0, 1);
INSERT IGNORE INTO `acore_world`.`reference_loot_template` (`Entry`, `Item`, `Comment`, `Chance`, `GroupId`) VALUES (1400040, 20166, "Defiler's Cloth Girdle", 0, 1);
INSERT IGNORE INTO `acore_world`.`reference_loot_template` (`Entry`, `Item`, `Comment`, `Chance`, `GroupId`) VALUES (1400040, 20168, "Defiler's Lizardhide Boots", 0, 1);
INSERT IGNORE INTO `acore_world`.`reference_loot_template` (`Entry`, `Item`, `Comment`, `Chance`, `GroupId`) VALUES (1400040, 20173, "Defiler's Lizardhide Girdle", 0, 1);
INSERT IGNORE INTO `acore_world`.`reference_loot_template` (`Entry`, `Item`, `Comment`, `Chance`, `GroupId`) VALUES (1400040, 20187, "Defiler's Leather Boots", 0, 1);
INSERT IGNORE INTO `acore_world`.`reference_loot_template` (`Entry`, `Item`, `Comment`, `Chance`, `GroupId`) VALUES (1400040, 20192, "Defiler's Leather Girdle", 0, 1);
INSERT IGNORE INTO `acore_world`.`reference_loot_template` (`Entry`, `Item`, `Comment`, `Chance`, `GroupId`) VALUES (1400040, 21116, "Defiler's Talisman", 0, 1);
INSERT IGNORE INTO `acore_world`.`reference_loot_template` (`Entry`, `Item`, `Comment`, `Chance`, `GroupId`) VALUES (1400040, 21118, "Talisman of Arathor", 0, 1);
INSERT IGNORE INTO `acore_world`.`reference_loot_template` (`Entry`, `Item`, `Comment`, `Chance`, `GroupId`) VALUES (1400040, 1715, "Polished Jazeraint Armor", 0, 1);
INSERT IGNORE INTO `acore_world`.`reference_loot_template` (`Entry`, `Item`, `Comment`, `Chance`, `GroupId`) VALUES (1400040, 1981, "Icemail Jerkin", 2, 2);
INSERT IGNORE INTO `acore_world`.`reference_loot_template` (`Entry`, `Item`, `Comment`, `Chance`, `GroupId`) VALUES (1400040, 1982, "Nightblade", 2, 2);
INSERT IGNORE INTO `acore_world`.`reference_loot_template` (`Entry`, `Item`, `Comment`, `Chance`, `GroupId`) VALUES (1400040, 7720, "Whitemane's Chapeau", 0, 1);
INSERT IGNORE INTO `acore_world`.`reference_loot_template` (`Entry`, `Item`, `Comment`, `Chance`, `GroupId`) VALUES (1400040, 7721, "Hand of Righteousness", 0, 1);
INSERT IGNORE INTO `acore_world`.`reference_loot_template` (`Entry`, `Item`, `Comment`, `Chance`, `GroupId`) VALUES (1400040, 7722, "Triune Amulet", 0, 1);
INSERT IGNORE INTO `acore_world`.`reference_loot_template` (`Entry`, `Item`, `Comment`, `Chance`, `GroupId`) VALUES (1400040, 7723, "Mograine's Might", 0, 1);
INSERT IGNORE INTO `acore_world`.`reference_loot_template` (`Entry`, `Item`, `Comment`, `Chance`, `GroupId`) VALUES (1400040, 7724, "Gauntlets of Divinity", 0, 1);
INSERT IGNORE INTO `acore_world`.`reference_loot_template` (`Entry`, `Item`, `Comment`, `Chance`, `GroupId`) VALUES (1400040, 7726, "Aegis of the Scarlet Commander", 0, 1);
INSERT IGNORE INTO `acore_world`.`reference_loot_template` (`Entry`, `Item`, `Comment`, `Chance`, `GroupId`) VALUES (1400040, 9425, "Pendulum of Doom", 0, 1);
INSERT IGNORE INTO `acore_world`.`reference_loot_template` (`Entry`, `Item`, `Comment`, `Chance`, `GroupId`) VALUES (1400040, 9429, "Miner's Hat of the Deep", 0, 1);
INSERT IGNORE INTO `acore_world`.`reference_loot_template` (`Entry`, `Item`, `Comment`, `Chance`, `GroupId`) VALUES (1400040, 10761, "Coldrage Dagger", 0, 1);
INSERT IGNORE INTO `acore_world`.`reference_loot_template` (`Entry`, `Item`, `Comment`, `Chance`, `GroupId`) VALUES (1400040, 10762, "Robes of the Lich", 0, 1);
INSERT IGNORE INTO `acore_world`.`reference_loot_template` (`Entry`, `Item`, `Comment`, `Chance`, `GroupId`) VALUES (1400040, 10764, "Deathchill Armor", 0, 1);
INSERT IGNORE INTO `acore_world`.`reference_loot_template` (`Entry`, `Item`, `Comment`, `Chance`, `GroupId`) VALUES (1400040, 13051, "Witchfury", 0, 1);
INSERT IGNORE INTO `acore_world`.`reference_loot_template` (`Entry`, `Item`, `Comment`, `Chance`, `GroupId`) VALUES (1400040, 13058, "Khoo's Point", 0, 1);
INSERT IGNORE INTO `acore_world`.`reference_loot_template` (`Entry`, `Item`, `Comment`, `Chance`, `GroupId`) VALUES (1400040, 13095, "Assault Band", 0, 1);
INSERT IGNORE INTO `acore_world`.`reference_loot_template` (`Entry`, `Item`, `Comment`, `Chance`, `GroupId`) VALUES (1400040, 13100, "Furen's Boots", 0, 1);
INSERT IGNORE INTO `acore_world`.`reference_loot_template` (`Entry`, `Item`, `Comment`, `Chance`, `GroupId`) VALUES (1400040, 1713, "Ankh of Life", 0, 1);
INSERT IGNORE INTO `acore_world`.`reference_loot_template` (`Entry`, `Item`, `Comment`, `Chance`, `GroupId`) VALUES (1400040, 2164, "Gut Ripper", 2, 2);
INSERT IGNORE INTO `acore_world`.`reference_loot_template` (`Entry`, `Item`, `Comment`, `Chance`, `GroupId`) VALUES (1400040, 2815, "Curve-bladed Ripper", 0, 1);
INSERT IGNORE INTO `acore_world`.`reference_loot_template` (`Entry`, `Item`, `Comment`, `Chance`, `GroupId`) VALUES (1400040, 7938, "Truesilver Gauntlets", 0, 1);
INSERT IGNORE INTO `acore_world`.`reference_loot_template` (`Entry`, `Item`, `Comment`, `Chance`, `GroupId`) VALUES (1400040, 8345, "Wolfshead Helm", 0, 1);
INSERT IGNORE INTO `acore_world`.`reference_loot_template` (`Entry`, `Item`, `Comment`, `Chance`, `GroupId`) VALUES (1400040, 8347, "Dragonscale Gauntlets", 0, 1);
INSERT IGNORE INTO `acore_world`.`reference_loot_template` (`Entry`, `Item`, `Comment`, `Chance`, `GroupId`) VALUES (1400040, 8708, "Hammer of Expertise", 2, 2);
INSERT IGNORE INTO `acore_world`.`reference_loot_template` (`Entry`, `Item`, `Comment`, `Chance`, `GroupId`) VALUES (1400040, 9359, "Wirt's Third Leg", 0, 1);
INSERT IGNORE INTO `acore_world`.`reference_loot_template` (`Entry`, `Item`, `Comment`, `Chance`, `GroupId`) VALUES (1400040, 9394, "Horned Viking Helmet", 0, 1);
INSERT IGNORE INTO `acore_world`.`reference_loot_template` (`Entry`, `Item`, `Comment`, `Chance`, `GroupId`) VALUES (1400040, 9410, "Cragfists", 0, 1);
INSERT IGNORE INTO `acore_world`.`reference_loot_template` (`Entry`, `Item`, `Comment`, `Chance`, `GroupId`) VALUES (1400040, 9423, "The Jackhammer", 0, 1);
INSERT IGNORE INTO `acore_world`.`reference_loot_template` (`Entry`, `Item`, `Comment`, `Chance`, `GroupId`) VALUES (1400040, 9430, "Spaulders of a Lost Age", 0, 1);
INSERT IGNORE INTO `acore_world`.`reference_loot_template` (`Entry`, `Item`, `Comment`, `Chance`, `GroupId`) VALUES (1400040, 9432, "Skullplate Bracers", 0, 1);
INSERT IGNORE INTO `acore_world`.`reference_loot_template` (`Entry`, `Item`, `Comment`, `Chance`, `GroupId`) VALUES (1400040, 9465, "Digmaster 5000", 0, 1);
INSERT IGNORE INTO `acore_world`.`reference_loot_template` (`Entry`, `Item`, `Comment`, `Chance`, `GroupId`) VALUES (1400040, 10019, "Dreamweave Gloves", 0, 1);
INSERT IGNORE INTO `acore_world`.`reference_loot_template` (`Entry`, `Item`, `Comment`, `Chance`, `GroupId`) VALUES (1400040, 10021, "Dreamweave Vest", 0, 1);
INSERT IGNORE INTO `acore_world`.`reference_loot_template` (`Entry`, `Item`, `Comment`, `Chance`, `GroupId`) VALUES (1400040, 10763, "Icemetal Barbute", 0, 1);
INSERT IGNORE INTO `acore_world`.`reference_loot_template` (`Entry`, `Item`, `Comment`, `Chance`, `GroupId`) VALUES (1400040, 10775, "Carapace of Tuten'kash", 0, 1);
INSERT IGNORE INTO `acore_world`.`reference_loot_template` (`Entry`, `Item`, `Comment`, `Chance`, `GroupId`) VALUES (1400040, 13026, "Heaven's Light", 0, 1);
INSERT IGNORE INTO `acore_world`.`reference_loot_template` (`Entry`, `Item`, `Comment`, `Chance`, `GroupId`) VALUES (1400040, 13068, "Obsidian Greaves", 0, 1);
INSERT IGNORE INTO `acore_world`.`reference_loot_template` (`Entry`, `Item`, `Comment`, `Chance`, `GroupId`) VALUES (1400040, 13071, "Plated Fist of Hakoo", 0, 1);
INSERT IGNORE INTO `acore_world`.`reference_loot_template` (`Entry`, `Item`, `Comment`, `Chance`, `GroupId`) VALUES (1400040, 13115, "Sheepshear Mantle", 0, 1);
INSERT IGNORE INTO `acore_world`.`reference_loot_template` (`Entry`, `Item`, `Comment`, `Chance`, `GroupId`) VALUES (1400040, 13145, "Enormous Ogre Belt", 0, 1);
INSERT IGNORE INTO `acore_world`.`reference_loot_template` (`Entry`, `Item`, `Comment`, `Chance`, `GroupId`) VALUES (1400040, 14549, "Boots of Avoidance", 2, 2);
INSERT IGNORE INTO `acore_world`.`reference_loot_template` (`Entry`, `Item`, `Comment`, `Chance`, `GroupId`) VALUES (1400040, 16334, "Sergeant's Insignia", 0, 1);
INSERT IGNORE INTO `acore_world`.`reference_loot_template` (`Entry`, `Item`, `Comment`, `Chance`, `GroupId`) VALUES (1400040, 16336, "Sergeant Major's Cape", 0, 1);
INSERT IGNORE INTO `acore_world`.`reference_loot_template` (`Entry`, `Item`, `Comment`, `Chance`, `GroupId`) VALUES (1400040, 16340, "First Sergeant's Cloak", 0, 1);
INSERT IGNORE INTO `acore_world`.`reference_loot_template` (`Entry`, `Item`, `Comment`, `Chance`, `GroupId`) VALUES (1400040, 18341, "Quel'dorei Sash", 0, 1);
INSERT IGNORE INTO `acore_world`.`reference_loot_template` (`Entry`, `Item`, `Comment`, `Chance`, `GroupId`) VALUES (1400040, 18342, "Quel'dorei Guard", 0, 1);
INSERT IGNORE INTO `acore_world`.`reference_loot_template` (`Entry`, `Item`, `Comment`, `Chance`, `GroupId`) VALUES (1400040, 19581, "Berserker Bracers", 2, 2);
INSERT IGNORE INTO `acore_world`.`reference_loot_template` (`Entry`, `Item`, `Comment`, `Chance`, `GroupId`) VALUES (1400040, 19584, "Windtalker's Wristguards", 2, 2);
INSERT IGNORE INTO `acore_world`.`reference_loot_template` (`Entry`, `Item`, `Comment`, `Chance`, `GroupId`) VALUES (1400040, 19590, "Forest Stalker's Bracers", 2, 2);
INSERT IGNORE INTO `acore_world`.`reference_loot_template` (`Entry`, `Item`, `Comment`, `Chance`, `GroupId`) VALUES (1400040, 19597, "Dryad's Wrist Bindings", 2, 2);
INSERT IGNORE INTO `acore_world`.`reference_loot_template` (`Entry`, `Item`, `Comment`, `Chance`, `GroupId`) VALUES (1400040, 20089, "Highlander's Chain Girdle", 0, 1);
INSERT IGNORE INTO `acore_world`.`reference_loot_template` (`Entry`, `Item`, `Comment`, `Chance`, `GroupId`) VALUES (1400040, 20092, "Highlander's Chain Greaves", 0, 1);
INSERT IGNORE INTO `acore_world`.`reference_loot_template` (`Entry`, `Item`, `Comment`, `Chance`, `GroupId`) VALUES (1400040, 20107, "Highlander's Lamellar Girdle", 0, 1);
INSERT IGNORE INTO `acore_world`.`reference_loot_template` (`Entry`, `Item`, `Comment`, `Chance`, `GroupId`) VALUES (1400040, 20110, "Highlander's Lamellar Greaves", 0, 1);
INSERT IGNORE INTO `acore_world`.`reference_loot_template` (`Entry`, `Item`, `Comment`, `Chance`, `GroupId`) VALUES (1400040, 20119, "Highlander's Mail Girdle", 0, 1);
INSERT IGNORE INTO `acore_world`.`reference_loot_template` (`Entry`, `Item`, `Comment`, `Chance`, `GroupId`) VALUES (1400040, 20122, "Highlander's Mail Greaves", 0, 1);
INSERT IGNORE INTO `acore_world`.`reference_loot_template` (`Entry`, `Item`, `Comment`, `Chance`, `GroupId`) VALUES (1400040, 20125, "Highlander's Plate Girdle", 0, 1);
INSERT IGNORE INTO `acore_world`.`reference_loot_template` (`Entry`, `Item`, `Comment`, `Chance`, `GroupId`) VALUES (1400040, 20128, "Highlander's Plate Greaves", 0, 1);
INSERT IGNORE INTO `acore_world`.`reference_loot_template` (`Entry`, `Item`, `Comment`, `Chance`, `GroupId`) VALUES (1400040, 20153, "Defiler's Chain Girdle", 0, 1);
INSERT IGNORE INTO `acore_world`.`reference_loot_template` (`Entry`, `Item`, `Comment`, `Chance`, `GroupId`) VALUES (1400040, 20156, "Defiler's Chain Greaves", 0, 1);
INSERT IGNORE INTO `acore_world`.`reference_loot_template` (`Entry`, `Item`, `Comment`, `Chance`, `GroupId`) VALUES (1400040, 20180, "Defiler's Lamellar Girdle", 0, 1);
INSERT IGNORE INTO `acore_world`.`reference_loot_template` (`Entry`, `Item`, `Comment`, `Chance`, `GroupId`) VALUES (1400040, 20183, "Defiler's Lamellar Greaves", 0, 1);
INSERT IGNORE INTO `acore_world`.`reference_loot_template` (`Entry`, `Item`, `Comment`, `Chance`, `GroupId`) VALUES (1400040, 20198, "Defiler's Mail Girdle", 0, 1);
INSERT IGNORE INTO `acore_world`.`reference_loot_template` (`Entry`, `Item`, `Comment`, `Chance`, `GroupId`) VALUES (1400040, 20200, "Defiler's Mail Greaves", 0, 1);
INSERT IGNORE INTO `acore_world`.`reference_loot_template` (`Entry`, `Item`, `Comment`, `Chance`, `GroupId`) VALUES (1400040, 20206, "Defiler's Plate Girdle", 0, 1);
INSERT IGNORE INTO `acore_world`.`reference_loot_template` (`Entry`, `Item`, `Comment`, `Chance`, `GroupId`) VALUES (1400040, 20209, "Defiler's Plate Greaves", 0, 1);
INSERT IGNORE INTO `acore_world`.`reference_loot_template` (`Entry`, `Item`, `Comment`, `Chance`, `GroupId`) VALUES (1400040, 20969, "Ruby Crown of Restoration", 0, 1);
INSERT IGNORE INTO `acore_world`.`reference_loot_template` (`Entry`, `Item`, `Comment`, `Chance`, `GroupId`) VALUES (1400040, 21565, "Rune of Perfection", 0, 1);
INSERT IGNORE INTO `acore_world`.`reference_loot_template` (`Entry`, `Item`, `Comment`, `Chance`, `GroupId`) VALUES (1400040, 21567, "Rune of Duty", 0, 1);
INSERT IGNORE INTO `acore_world`.`reference_loot_template` (`Entry`, `Item`, `Comment`, `Chance`, `GroupId`) VALUES (1400040, 33080, "Elixir of Water Elementals", 2, 2);
INSERT IGNORE INTO `acore_world`.`reference_loot_template` (`Entry`, `Item`, `Comment`, `Chance`, `GroupId`) VALUES (1400040, 43660, "Fire Eater's Guide", 0, 1);
INSERT IGNORE INTO `acore_world`.`reference_loot_template` (`Entry`, `Item`, `Comment`, `Chance`, `GroupId`) VALUES (1400040, 43661, "Book of Stars", 0, 1);
INSERT IGNORE INTO `acore_world`.`reference_loot_template` (`Entry`, `Item`, `Comment`, `Chance`, `GroupId`) VALUES (1400040, 44217, "Darkmoon Dirk", 0, 1);
INSERT IGNORE INTO `acore_world`.`reference_loot_template` (`Entry`, `Item`, `Comment`, `Chance`, `GroupId`) VALUES (1400040, 44218, "Darkmoon Executioner", 0, 1);
INSERT IGNORE INTO `acore_world`.`reference_loot_template` (`Entry`, `Item`, `Comment`, `Chance`, `GroupId`) VALUES (1400040, 44219, "Darkmoon Magestaff", 0, 1);


INSERT IGNORE INTO `acore_world`.`reference_loot_template` (`Entry`, `Item`, `Comment`, `Chance`, `GroupId`) VALUES (1400050, 6660, "Julie's Dagger", 0, 1);
INSERT IGNORE INTO `acore_world`.`reference_loot_template` (`Entry`, `Item`, `Comment`, `Chance`, `GroupId`) VALUES (1400050, 8190, "Hanzo Sword", 0, 1);
INSERT IGNORE INTO `acore_world`.`reference_loot_template` (`Entry`, `Item`, `Comment`, `Chance`, `GroupId`) VALUES (1400050, 9372, "Sul'thraze the Lasher", 2, 2);
INSERT IGNORE INTO `acore_world`.`reference_loot_template` (`Entry`, `Item`, `Comment`, `Chance`, `GroupId`) VALUES (1400050, 10806, "Vestments of the Atal'ai Prophet", 0, 1);
INSERT IGNORE INTO `acore_world`.`reference_loot_template` (`Entry`, `Item`, `Comment`, `Chance`, `GroupId`) VALUES (1400050, 10807, "Kilt of the Atal'ai Prophet", 0, 1);
INSERT IGNORE INTO `acore_world`.`reference_loot_template` (`Entry`, `Item`, `Comment`, `Chance`, `GroupId`) VALUES (1400050, 10808, "Gloves of the Atal'ai Prophet", 0, 1);
INSERT IGNORE INTO `acore_world`.`reference_loot_template` (`Entry`, `Item`, `Comment`, `Chance`, `GroupId`) VALUES (1400050, 10829, "The Dragon's Eye", 0, 1);
INSERT IGNORE INTO `acore_world`.`reference_loot_template` (`Entry`, `Item`, `Comment`, `Chance`, `GroupId`) VALUES (1400050, 11608, "Dark Iron Pulverizer", 0, 1);
INSERT IGNORE INTO `acore_world`.`reference_loot_template` (`Entry`, `Item`, `Comment`, `Chance`, `GroupId`) VALUES (1400050, 11675, "Shadefiend Boots", 0, 1);
INSERT IGNORE INTO `acore_world`.`reference_loot_template` (`Entry`, `Item`, `Comment`, `Chance`, `GroupId`) VALUES (1400050, 11677, "Graverot Cape", 0, 1);
INSERT IGNORE INTO `acore_world`.`reference_loot_template` (`Entry`, `Item`, `Comment`, `Chance`, `GroupId`) VALUES (1400050, 11678, "Carapace of Anub'shiah", 0, 1);
INSERT IGNORE INTO `acore_world`.`reference_loot_template` (`Entry`, `Item`, `Comment`, `Chance`, `GroupId`) VALUES (1400050, 11679, "Rubicund Armguards", 0, 1);
INSERT IGNORE INTO `acore_world`.`reference_loot_template` (`Entry`, `Item`, `Comment`, `Chance`, `GroupId`) VALUES (1400050, 11685, "Splinthide Shoulders", 0, 1);
INSERT IGNORE INTO `acore_world`.`reference_loot_template` (`Entry`, `Item`, `Comment`, `Chance`, `GroupId`) VALUES (1400050, 11686, "Girdle of Beastial Fury", 0, 1);
INSERT IGNORE INTO `acore_world`.`reference_loot_template` (`Entry`, `Item`, `Comment`, `Chance`, `GroupId`) VALUES (1400050, 11702, "Grizzle's Skinner", 0, 1);
INSERT IGNORE INTO `acore_world`.`reference_loot_template` (`Entry`, `Item`, `Comment`, `Chance`, `GroupId`) VALUES (1400050, 11703, "Stonewall Girdle", 0, 1);
INSERT IGNORE INTO `acore_world`.`reference_loot_template` (`Entry`, `Item`, `Comment`, `Chance`, `GroupId`) VALUES (1400050, 11722, "Dregmetal Spaulders", 0, 1);
INSERT IGNORE INTO `acore_world`.`reference_loot_template` (`Entry`, `Item`, `Comment`, `Chance`, `GroupId`) VALUES (1400050, 11811, "Smoking Heart of the Mountain", 0, 1);
INSERT IGNORE INTO `acore_world`.`reference_loot_template` (`Entry`, `Item`, `Comment`, `Chance`, `GroupId`) VALUES (1400050, 11839, "Chief Architect's Monocle", 0, 1);
INSERT IGNORE INTO `acore_world`.`reference_loot_template` (`Entry`, `Item`, `Comment`, `Chance`, `GroupId`) VALUES (1400050, 11841, "Senior Designer's Pantaloons", 0, 1);
INSERT IGNORE INTO `acore_world`.`reference_loot_template` (`Entry`, `Item`, `Comment`, `Chance`, `GroupId`) VALUES (1400050, 11842, "Lead Surveyor's Mantle", 0, 1);
INSERT IGNORE INTO `acore_world`.`reference_loot_template` (`Entry`, `Item`, `Comment`, `Chance`, `GroupId`) VALUES (1400050, 12462, "Embrace of the Wind Serpent", 2, 2);
INSERT IGNORE INTO `acore_world`.`reference_loot_template` (`Entry`, `Item`, `Comment`, `Chance`, `GroupId`) VALUES (1400050, 12552, "Blisterbane Wrap", 0, 1);
INSERT IGNORE INTO `acore_world`.`reference_loot_template` (`Entry`, `Item`, `Comment`, `Chance`, `GroupId`) VALUES (1400050, 12555, "Battlechaser's Greaves", 0, 1);
INSERT IGNORE INTO `acore_world`.`reference_loot_template` (`Entry`, `Item`, `Comment`, `Chance`, `GroupId`) VALUES (1400050, 12774, "Dawn's Edge", 0, 1);
INSERT IGNORE INTO `acore_world`.`reference_loot_template` (`Entry`, `Item`, `Comment`, `Chance`, `GroupId`) VALUES (1400050, 12791, "Barman Shanker", 0, 1);
INSERT IGNORE INTO `acore_world`.`reference_loot_template` (`Entry`, `Item`, `Comment`, `Chance`, `GroupId`) VALUES (1400050, 12793, "Mixologist's Tunic", 0, 1);
INSERT IGNORE INTO `acore_world`.`reference_loot_template` (`Entry`, `Item`, `Comment`, `Chance`, `GroupId`) VALUES (1400050, 13022, "Gryphonwing Long Bow", 0, 1);
INSERT IGNORE INTO `acore_world`.`reference_loot_template` (`Entry`, `Item`, `Comment`, `Chance`, `GroupId`) VALUES (1400050, 13120, "Deepfury Bracers", 0, 1);
INSERT IGNORE INTO `acore_world`.`reference_loot_template` (`Entry`, `Item`, `Comment`, `Chance`, `GroupId`) VALUES (1400050, 13122, "Dark Phantom Cape", 0, 1);
INSERT IGNORE INTO `acore_world`.`reference_loot_template` (`Entry`, `Item`, `Comment`, `Chance`, `GroupId`) VALUES (1400050, 14134, "Cloak of Fire", 0, 1);
INSERT IGNORE INTO `acore_world`.`reference_loot_template` (`Entry`, `Item`, `Comment`, `Chance`, `GroupId`) VALUES (1400050, 14552, "Stockade Pauldrons", 2, 2);
INSERT IGNORE INTO `acore_world`.`reference_loot_template` (`Entry`, `Item`, `Comment`, `Chance`, `GroupId`) VALUES (1400050, 15057, "Stormshroud Pants", 0, 1);
INSERT IGNORE INTO `acore_world`.`reference_loot_template` (`Entry`, `Item`, `Comment`, `Chance`, `GroupId`) VALUES (1400050, 15064, "Warbear Harness", 0, 1);
INSERT IGNORE INTO `acore_world`.`reference_loot_template` (`Entry`, `Item`, `Comment`, `Chance`, `GroupId`) VALUES (1400050, 16004, "Dark Iron Rifle", 0, 1);
INSERT IGNORE INTO `acore_world`.`reference_loot_template` (`Entry`, `Item`, `Comment`, `Chance`, `GroupId`) VALUES (1400050, 16022, "Arcanite Dragonling", 0, 1);
INSERT IGNORE INTO `acore_world`.`reference_loot_template` (`Entry`, `Item`, `Comment`, `Chance`, `GroupId`) VALUES (1400050, 16309, "Drakefire Amulet", 0, 1);
INSERT IGNORE INTO `acore_world`.`reference_loot_template` (`Entry`, `Item`, `Comment`, `Chance`, `GroupId`) VALUES (1400050, 18295, "Phasing Boots", 0, 1);
INSERT IGNORE INTO `acore_world`.`reference_loot_template` (`Entry`, `Item`, `Comment`, `Chance`, `GroupId`) VALUES (1400050, 18697, "Coldstone Slippers", 0, 1);
INSERT IGNORE INTO `acore_world`.`reference_loot_template` (`Entry`, `Item`, `Comment`, `Chance`, `GroupId`) VALUES (1400050, 19302, "Darkmoon Ring", 0, 1);
INSERT IGNORE INTO `acore_world`.`reference_loot_template` (`Entry`, `Item`, `Comment`, `Chance`, `GroupId`) VALUES (1400050, 19303, "Darkmoon Necklace", 0, 1);
INSERT IGNORE INTO `acore_world`.`reference_loot_template` (`Entry`, `Item`, `Comment`, `Chance`, `GroupId`) VALUES (1400050, 19580, "Berserker Bracers", 2, 2);
INSERT IGNORE INTO `acore_world`.`reference_loot_template` (`Entry`, `Item`, `Comment`, `Chance`, `GroupId`) VALUES (1400050, 19583, "Windtalker's Wristguards", 2, 2);
INSERT IGNORE INTO `acore_world`.`reference_loot_template` (`Entry`, `Item`, `Comment`, `Chance`, `GroupId`) VALUES (1400050, 19589, "Forest Stalker's Bracers", 2, 2);
INSERT IGNORE INTO `acore_world`.`reference_loot_template` (`Entry`, `Item`, `Comment`, `Chance`, `GroupId`) VALUES (1400050, 19596, "Dryad's Wrist Bindings", 2, 2);
INSERT IGNORE INTO `acore_world`.`reference_loot_template` (`Entry`, `Item`, `Comment`, `Chance`, `GroupId`) VALUES (1400050, 21768, "Sapphire Signet", 0, 1);
INSERT IGNORE INTO `acore_world`.`reference_loot_template` (`Entry`, `Item`, `Comment`, `Chance`, `GroupId`) VALUES (1400050, 21774, "Emerald Crown of Destruction", 0, 1);
INSERT IGNORE INTO `acore_world`.`reference_loot_template` (`Entry`, `Item`, `Comment`, `Chance`, `GroupId`) VALUES (1400050, 22223, "Foreman's Head Protector", 0, 1);
INSERT IGNORE INTO `acore_world`.`reference_loot_template` (`Entry`, `Item`, `Comment`, `Chance`, `GroupId`) VALUES (1400050, 22270, "Entrenching Boots", 0, 1);
INSERT IGNORE INTO `acore_world`.`reference_loot_template` (`Entry`, `Item`, `Comment`, `Chance`, `GroupId`) VALUES (1400050, 43663, "Stormbound Tome", 0, 1);
INSERT IGNORE INTO `acore_world`.`reference_loot_template` (`Entry`, `Item`, `Comment`, `Chance`, `GroupId`) VALUES (1400050, 43664, "Manual of Clouds", 0, 1);
INSERT IGNORE INTO `acore_world`.`reference_loot_template` (`Entry`, `Item`, `Comment`, `Chance`, `GroupId`) VALUES (1400050, 810, "Hammer of the Northern Wind", 2, 2);
INSERT IGNORE INTO `acore_world`.`reference_loot_template` (`Entry`, `Item`, `Comment`, `Chance`, `GroupId`) VALUES (1400050, 812, "Glowing Brightwood Staff", 2, 2);
INSERT IGNORE INTO `acore_world`.`reference_loot_template` (`Entry`, `Item`, `Comment`, `Chance`, `GroupId`) VALUES (1400050, 1203, "Aegis of Stormwind", 0, 1);
INSERT IGNORE INTO `acore_world`.`reference_loot_template` (`Entry`, `Item`, `Comment`, `Chance`, `GroupId`) VALUES (1400050, 1607, "Soulkeeper", 0, 1);
INSERT IGNORE INTO `acore_world`.`reference_loot_template` (`Entry`, `Item`, `Comment`, `Chance`, `GroupId`) VALUES (1400050, 1721, "Viking Warhammer", 0, 1);
INSERT IGNORE INTO `acore_world`.`reference_loot_template` (`Entry`, `Item`, `Comment`, `Chance`, `GroupId`) VALUES (1400050, 3075, "Eye of Flame", 2, 2);
INSERT IGNORE INTO `acore_world`.`reference_loot_template` (`Entry`, `Item`, `Comment`, `Chance`, `GroupId`) VALUES (1400050, 10795, "Drakeclaw Band", 0, 1);
INSERT IGNORE INTO `acore_world`.`reference_loot_template` (`Entry`, `Item`, `Comment`, `Chance`, `GroupId`) VALUES (1400050, 10796, "Drakestone", 0, 1);
INSERT IGNORE INTO `acore_world`.`reference_loot_template` (`Entry`, `Item`, `Comment`, `Chance`, `GroupId`) VALUES (1400050, 10838, "Might of Hakkar", 0, 1);
INSERT IGNORE INTO `acore_world`.`reference_loot_template` (`Entry`, `Item`, `Comment`, `Chance`, `GroupId`) VALUES (1400050, 10842, "Windscale Sarong", 0, 1);
INSERT IGNORE INTO `acore_world`.`reference_loot_template` (`Entry`, `Item`, `Comment`, `Chance`, `GroupId`) VALUES (1400050, 10843, "Featherskin Cape", 0, 1);
INSERT IGNORE INTO `acore_world`.`reference_loot_template` (`Entry`, `Item`, `Comment`, `Chance`, `GroupId`) VALUES (1400050, 10844, "Spire of Hakkar", 0, 1);
INSERT IGNORE INTO `acore_world`.`reference_loot_template` (`Entry`, `Item`, `Comment`, `Chance`, `GroupId`) VALUES (1400050, 10845, "Warrior's Embrace", 0, 1);
INSERT IGNORE INTO `acore_world`.`reference_loot_template` (`Entry`, `Item`, `Comment`, `Chance`, `GroupId`) VALUES (1400050, 10846, "Bloodshot Greaves", 0, 1);
INSERT IGNORE INTO `acore_world`.`reference_loot_template` (`Entry`, `Item`, `Comment`, `Chance`, `GroupId`) VALUES (1400050, 11633, "Spiderfang Carapace", 0, 1);
INSERT IGNORE INTO `acore_world`.`reference_loot_template` (`Entry`, `Item`, `Comment`, `Chance`, `GroupId`) VALUES (1400050, 11634, "Silkweb Gloves", 0, 1);
INSERT IGNORE INTO `acore_world`.`reference_loot_template` (`Entry`, `Item`, `Comment`, `Chance`, `GroupId`) VALUES (1400050, 11635, "Hookfang Shanker", 0, 1);
INSERT IGNORE INTO `acore_world`.`reference_loot_template` (`Entry`, `Item`, `Comment`, `Chance`, `GroupId`) VALUES (1400050, 11662, "Ban'thok Sash", 0, 1);
INSERT IGNORE INTO `acore_world`.`reference_loot_template` (`Entry`, `Item`, `Comment`, `Chance`, `GroupId`) VALUES (1400050, 11665, "Ogreseer Fists", 0, 1);
INSERT IGNORE INTO `acore_world`.`reference_loot_template` (`Entry`, `Item`, `Comment`, `Chance`, `GroupId`) VALUES (1400050, 11824, "Cyclopean Band", 0, 1);
INSERT IGNORE INTO `acore_world`.`reference_loot_template` (`Entry`, `Item`, `Comment`, `Chance`, `GroupId`) VALUES (1400050, 12243, "Smoldering Claw", 0, 1);
INSERT IGNORE INTO `acore_world`.`reference_loot_template` (`Entry`, `Item`, `Comment`, `Chance`, `GroupId`) VALUES (1400050, 12535, "Doomforged Straightedge", 0, 1);
INSERT IGNORE INTO `acore_world`.`reference_loot_template` (`Entry`, `Item`, `Comment`, `Chance`, `GroupId`) VALUES (1400050, 12546, "Aristocratic Cuffs", 0, 1);
INSERT IGNORE INTO `acore_world`.`reference_loot_template` (`Entry`, `Item`, `Comment`, `Chance`, `GroupId`) VALUES (1400050, 12624, "Wildthorn Mail", 0, 1);
INSERT IGNORE INTO `acore_world`.`reference_loot_template` (`Entry`, `Item`, `Comment`, `Chance`, `GroupId`) VALUES (1400050, 12769, "Bleakwood Hew", 0, 1);
INSERT IGNORE INTO `acore_world`.`reference_loot_template` (`Entry`, `Item`, `Comment`, `Chance`, `GroupId`) VALUES (1400050, 13067, "Hydralick Armor", 0, 1);
INSERT IGNORE INTO `acore_world`.`reference_loot_template` (`Entry`, `Item`, `Comment`, `Chance`, `GroupId`) VALUES (1400050, 13111, "Sandals of the Insurgent", 0, 1);
INSERT IGNORE INTO `acore_world`.`reference_loot_template` (`Entry`, `Item`, `Comment`, `Chance`, `GroupId`) VALUES (1400050, 15046, "Green Dragonscale Leggings", 0, 1);
INSERT IGNORE INTO `acore_world`.`reference_loot_template` (`Entry`, `Item`, `Comment`, `Chance`, `GroupId`) VALUES (1400050, 15061, "Living Shoulders", 0, 1);
INSERT IGNORE INTO `acore_world`.`reference_loot_template` (`Entry`, `Item`, `Comment`, `Chance`, `GroupId`) VALUES (1400050, 15067, "Ironfeather Shoulders", 0, 1);
INSERT IGNORE INTO `acore_world`.`reference_loot_template` (`Entry`, `Item`, `Comment`, `Chance`, `GroupId`) VALUES (1400050, 17707, "Gemshard Heart", 0, 1);
INSERT IGNORE INTO `acore_world`.`reference_loot_template` (`Entry`, `Item`, `Comment`, `Chance`, `GroupId`) VALUES (1400050, 17710, "Charstone Dirk", 0, 1);
INSERT IGNORE INTO `acore_world`.`reference_loot_template` (`Entry`, `Item`, `Comment`, `Chance`, `GroupId`) VALUES (1400050, 17711, "Elemental Rockridge Leggings", 0, 1);
INSERT IGNORE INTO `acore_world`.`reference_loot_template` (`Entry`, `Item`, `Comment`, `Chance`, `GroupId`) VALUES (1400050, 17713, "Blackstone Ring", 0, 1);
INSERT IGNORE INTO `acore_world`.`reference_loot_template` (`Entry`, `Item`, `Comment`, `Chance`, `GroupId`) VALUES (1400050, 17714, "Bracers of the Stone Princess", 0, 1);
INSERT IGNORE INTO `acore_world`.`reference_loot_template` (`Entry`, `Item`, `Comment`, `Chance`, `GroupId`) VALUES (1400050, 17715, "Eye of Theradras", 0, 1);
INSERT IGNORE INTO `acore_world`.`reference_loot_template` (`Entry`, `Item`, `Comment`, `Chance`, `GroupId`) VALUES (1400050, 17766, "Princess Theradras' Scepter", 0, 1);
INSERT IGNORE INTO `acore_world`.`reference_loot_template` (`Entry`, `Item`, `Comment`, `Chance`, `GroupId`) VALUES (1400050, 17780, "Blade of Eternal Darkness", 2, 2);
INSERT IGNORE INTO `acore_world`.`reference_loot_template` (`Entry`, `Item`, `Comment`, `Chance`, `GroupId`) VALUES (1400050, 45631, "High-powered Flashlight", 0, 1);
INSERT IGNORE INTO `acore_world`.`reference_loot_template` (`Entry`, `Item`, `Comment`, `Chance`, `GroupId`) VALUES (1400050, 2163, "Shadowblade", 2, 2);
INSERT IGNORE INTO `acore_world`.`reference_loot_template` (`Entry`, `Item`, `Comment`, `Chance`, `GroupId`) VALUES (1400050, 2824, "Hurricane", 2, 2);
INSERT IGNORE INTO `acore_world`.`reference_loot_template` (`Entry`, `Item`, `Comment`, `Chance`, `GroupId`) VALUES (1400050, 5266, "Eye of Adaegus", 0, 1);
INSERT IGNORE INTO `acore_world`.`reference_loot_template` (`Entry`, `Item`, `Comment`, `Chance`, `GroupId`) VALUES (1400050, 10797, "Firebreather", 0, 1);
INSERT IGNORE INTO `acore_world`.`reference_loot_template` (`Entry`, `Item`, `Comment`, `Chance`, `GroupId`) VALUES (1400050, 11625, "Enthralled Sphere", 0, 1);
INSERT IGNORE INTO `acore_world`.`reference_loot_template` (`Entry`, `Item`, `Comment`, `Chance`, `GroupId`) VALUES (1400050, 11626, "Blackveil Cape", 0, 1);
INSERT IGNORE INTO `acore_world`.`reference_loot_template` (`Entry`, `Item`, `Comment`, `Chance`, `GroupId`) VALUES (1400050, 11627, "Fleetfoot Greaves", 0, 1);
INSERT IGNORE INTO `acore_world`.`reference_loot_template` (`Entry`, `Item`, `Comment`, `Chance`, `GroupId`) VALUES (1400050, 11628, "Houndmaster's Bow", 0, 1);
INSERT IGNORE INTO `acore_world`.`reference_loot_template` (`Entry`, `Item`, `Comment`, `Chance`, `GroupId`) VALUES (1400050, 11629, "Houndmaster's Rifle", 0, 1);
INSERT IGNORE INTO `acore_world`.`reference_loot_template` (`Entry`, `Item`, `Comment`, `Chance`, `GroupId`) VALUES (1400050, 11747, "Flamestrider Robes", 0, 1);
INSERT IGNORE INTO `acore_world`.`reference_loot_template` (`Entry`, `Item`, `Comment`, `Chance`, `GroupId`) VALUES (1400050, 11748, "Pyric Caduceus", 0, 1);
INSERT IGNORE INTO `acore_world`.`reference_loot_template` (`Entry`, `Item`, `Comment`, `Chance`, `GroupId`) VALUES (1400050, 11749, "Searingscale Leggings", 0, 1);
INSERT IGNORE INTO `acore_world`.`reference_loot_template` (`Entry`, `Item`, `Comment`, `Chance`, `GroupId`) VALUES (1400050, 11750, "Kindling Stave", 0, 1);
INSERT IGNORE INTO `acore_world`.`reference_loot_template` (`Entry`, `Item`, `Comment`, `Chance`, `GroupId`) VALUES (1400050, 11784, "Arbiter's Blade", 0, 1);
INSERT IGNORE INTO `acore_world`.`reference_loot_template` (`Entry`, `Item`, `Comment`, `Chance`, `GroupId`) VALUES (1400050, 12463, "Drakefang Butcher", 0, 1);
INSERT IGNORE INTO `acore_world`.`reference_loot_template` (`Entry`, `Item`, `Comment`, `Chance`, `GroupId`) VALUES (1400050, 12464, "Bloodfire Talons", 0, 1);
INSERT IGNORE INTO `acore_world`.`reference_loot_template` (`Entry`, `Item`, `Comment`, `Chance`, `GroupId`) VALUES (1400050, 12465, "Nightfall Drape", 0, 1);
INSERT IGNORE INTO `acore_world`.`reference_loot_template` (`Entry`, `Item`, `Comment`, `Chance`, `GroupId`) VALUES (1400050, 12466, "Dawnspire Cord", 0, 1);
INSERT IGNORE INTO `acore_world`.`reference_loot_template` (`Entry`, `Item`, `Comment`, `Chance`, `GroupId`) VALUES (1400050, 12527, "Ribsplitter", 0, 1);
INSERT IGNORE INTO `acore_world`.`reference_loot_template` (`Entry`, `Item`, `Comment`, `Chance`, `GroupId`) VALUES (1400050, 12550, "Runed Golem Shackles", 0, 1);
INSERT IGNORE INTO `acore_world`.`reference_loot_template` (`Entry`, `Item`, `Comment`, `Chance`, `GroupId`) VALUES (1400050, 13014, "Axe of Rin'ji", 0, 1);
INSERT IGNORE INTO `acore_world`.`reference_loot_template` (`Entry`, `Item`, `Comment`, `Chance`, `GroupId`) VALUES (1400050, 13027, "Bonesnapper", 0, 1);
INSERT IGNORE INTO `acore_world`.`reference_loot_template` (`Entry`, `Item`, `Comment`, `Chance`, `GroupId`) VALUES (1400050, 13126, "Battlecaller Gauntlets", 0, 1);
INSERT IGNORE INTO `acore_world`.`reference_loot_template` (`Entry`, `Item`, `Comment`, `Chance`, `GroupId`) VALUES (1400050, 13144, "Serenity Belt", 0, 1);
INSERT IGNORE INTO `acore_world`.`reference_loot_template` (`Entry`, `Item`, `Comment`, `Chance`, `GroupId`) VALUES (1400050, 17717, "Megashot Rifle", 0, 1);
INSERT IGNORE INTO `acore_world`.`reference_loot_template` (`Entry`, `Item`, `Comment`, `Chance`, `GroupId`) VALUES (1400050, 17718, "Gizlock's Hypertech Buckler", 0, 1);
INSERT IGNORE INTO `acore_world`.`reference_loot_template` (`Entry`, `Item`, `Comment`, `Chance`, `GroupId`) VALUES (1400050, 17719, "Inventor's Focal Sword", 0, 1);
INSERT IGNORE INTO `acore_world`.`reference_loot_template` (`Entry`, `Item`, `Comment`, `Chance`, `GroupId`) VALUES (1400050, 17728, "Albino Crocscale Boots", 0, 1);
INSERT IGNORE INTO `acore_world`.`reference_loot_template` (`Entry`, `Item`, `Comment`, `Chance`, `GroupId`) VALUES (1400050, 17730, "Gatorbite Axe", 0, 1);
INSERT IGNORE INTO `acore_world`.`reference_loot_template` (`Entry`, `Item`, `Comment`, `Chance`, `GroupId`) VALUES (1400050, 17732, "Rotgrip Mantle", 0, 1);
INSERT IGNORE INTO `acore_world`.`reference_loot_template` (`Entry`, `Item`, `Comment`, `Chance`, `GroupId`) VALUES (1400050, 17733, "Fist of Stone", 0, 1);
INSERT IGNORE INTO `acore_world`.`reference_loot_template` (`Entry`, `Item`, `Comment`, `Chance`, `GroupId`) VALUES (1400050, 17734, "Helm of the Mountain", 0, 1);
INSERT IGNORE INTO `acore_world`.`reference_loot_template` (`Entry`, `Item`, `Comment`, `Chance`, `GroupId`) VALUES (1400050, 17736, "Rockgrip Gauntlets", 0, 1);
INSERT IGNORE INTO `acore_world`.`reference_loot_template` (`Entry`, `Item`, `Comment`, `Chance`, `GroupId`) VALUES (1400050, 17737, "Cloud Stone", 0, 1);
INSERT IGNORE INTO `acore_world`.`reference_loot_template` (`Entry`, `Item`, `Comment`, `Chance`, `GroupId`) VALUES (1400050, 17943, "Fist of Stone", 0, 1);
INSERT IGNORE INTO `acore_world`.`reference_loot_template` (`Entry`, `Item`, `Comment`, `Chance`, `GroupId`) VALUES (1400050, 19511, "Legionnaire's Band", 0, 1);
INSERT IGNORE INTO `acore_world`.`reference_loot_template` (`Entry`, `Item`, `Comment`, `Chance`, `GroupId`) VALUES (1400050, 19516, "Protector's Band", 0, 1);
INSERT IGNORE INTO `acore_world`.`reference_loot_template` (`Entry`, `Item`, `Comment`, `Chance`, `GroupId`) VALUES (1400050, 19519, "Advisor's Ring", 0, 1);
INSERT IGNORE INTO `acore_world`.`reference_loot_template` (`Entry`, `Item`, `Comment`, `Chance`, `GroupId`) VALUES (1400050, 19523, "Lorekeeper's Ring", 0, 1);
INSERT IGNORE INTO `acore_world`.`reference_loot_template` (`Entry`, `Item`, `Comment`, `Chance`, `GroupId`) VALUES (1400050, 19527, "Battle Healer's Cloak", 0, 1);
INSERT IGNORE INTO `acore_world`.`reference_loot_template` (`Entry`, `Item`, `Comment`, `Chance`, `GroupId`) VALUES (1400050, 19531, "Caretaker's Cape", 0, 1);
INSERT IGNORE INTO `acore_world`.`reference_loot_template` (`Entry`, `Item`, `Comment`, `Chance`, `GroupId`) VALUES (1400050, 19535, "Scout's Medallion", 0, 1);
INSERT IGNORE INTO `acore_world`.`reference_loot_template` (`Entry`, `Item`, `Comment`, `Chance`, `GroupId`) VALUES (1400050, 19539, "Sentinel's Medallion", 0, 1);
INSERT IGNORE INTO `acore_world`.`reference_loot_template` (`Entry`, `Item`, `Comment`, `Chance`, `GroupId`) VALUES (1400050, 19543, "Scout's Blade", 0, 1);
INSERT IGNORE INTO `acore_world`.`reference_loot_template` (`Entry`, `Item`, `Comment`, `Chance`, `GroupId`) VALUES (1400050, 19547, "Sentinel's Blade", 0, 1);
INSERT IGNORE INTO `acore_world`.`reference_loot_template` (`Entry`, `Item`, `Comment`, `Chance`, `GroupId`) VALUES (1400050, 19551, "Legionnaire's Sword", 0, 1);
INSERT IGNORE INTO `acore_world`.`reference_loot_template` (`Entry`, `Item`, `Comment`, `Chance`, `GroupId`) VALUES (1400050, 19555, "Protector's Sword", 0, 1);
INSERT IGNORE INTO `acore_world`.`reference_loot_template` (`Entry`, `Item`, `Comment`, `Chance`, `GroupId`) VALUES (1400050, 19559, "Outrider's Bow", 0, 1);
INSERT IGNORE INTO `acore_world`.`reference_loot_template` (`Entry`, `Item`, `Comment`, `Chance`, `GroupId`) VALUES (1400050, 19563, "Outrunner's Bow", 0, 1);
INSERT IGNORE INTO `acore_world`.`reference_loot_template` (`Entry`, `Item`, `Comment`, `Chance`, `GroupId`) VALUES (1400050, 19567, "Advisor's Gnarled Staff", 0, 1);
INSERT IGNORE INTO `acore_world`.`reference_loot_template` (`Entry`, `Item`, `Comment`, `Chance`, `GroupId`) VALUES (1400050, 19571, "Lorekeeper's Staff", 0, 1);
INSERT IGNORE INTO `acore_world`.`reference_loot_template` (`Entry`, `Item`, `Comment`, `Chance`, `GroupId`) VALUES (1400050, 20088, "Highlander's Chain Girdle", 0, 1);
INSERT IGNORE INTO `acore_world`.`reference_loot_template` (`Entry`, `Item`, `Comment`, `Chance`, `GroupId`) VALUES (1400050, 20091, "Highlander's Chain Greaves", 0, 1);
INSERT IGNORE INTO `acore_world`.`reference_loot_template` (`Entry`, `Item`, `Comment`, `Chance`, `GroupId`) VALUES (1400050, 20094, "Highlander's Cloth Boots", 0, 1);
INSERT IGNORE INTO `acore_world`.`reference_loot_template` (`Entry`, `Item`, `Comment`, `Chance`, `GroupId`) VALUES (1400050, 20097, "Highlander's Cloth Girdle", 0, 1);
INSERT IGNORE INTO `acore_world`.`reference_loot_template` (`Entry`, `Item`, `Comment`, `Chance`, `GroupId`) VALUES (1400050, 20100, "Highlander's Lizardhide Boots", 0, 1);
INSERT IGNORE INTO `acore_world`.`reference_loot_template` (`Entry`, `Item`, `Comment`, `Chance`, `GroupId`) VALUES (1400050, 20103, "Highlander's Lizardhide Girdle", 0, 1);
INSERT IGNORE INTO `acore_world`.`reference_loot_template` (`Entry`, `Item`, `Comment`, `Chance`, `GroupId`) VALUES (1400050, 20106, "Highlander's Lamellar Girdle", 0, 1);
INSERT IGNORE INTO `acore_world`.`reference_loot_template` (`Entry`, `Item`, `Comment`, `Chance`, `GroupId`) VALUES (1400050, 20109, "Highlander's Lamellar Greaves", 0, 1);
INSERT IGNORE INTO `acore_world`.`reference_loot_template` (`Entry`, `Item`, `Comment`, `Chance`, `GroupId`) VALUES (1400050, 20112, "Highlander's Leather Boots", 0, 1);
INSERT IGNORE INTO `acore_world`.`reference_loot_template` (`Entry`, `Item`, `Comment`, `Chance`, `GroupId`) VALUES (1400050, 20115, "Highlander's Leather Girdle", 0, 1);
INSERT IGNORE INTO `acore_world`.`reference_loot_template` (`Entry`, `Item`, `Comment`, `Chance`, `GroupId`) VALUES (1400050, 20118, "Highlander's Mail Girdle", 0, 1);
INSERT IGNORE INTO `acore_world`.`reference_loot_template` (`Entry`, `Item`, `Comment`, `Chance`, `GroupId`) VALUES (1400050, 20121, "Highlander's Mail Greaves", 0, 1);
INSERT IGNORE INTO `acore_world`.`reference_loot_template` (`Entry`, `Item`, `Comment`, `Chance`, `GroupId`) VALUES (1400050, 20124, "Highlander's Plate Girdle", 0, 1);
INSERT IGNORE INTO `acore_world`.`reference_loot_template` (`Entry`, `Item`, `Comment`, `Chance`, `GroupId`) VALUES (1400050, 20127, "Highlander's Plate Greaves", 0, 1);
INSERT IGNORE INTO `acore_world`.`reference_loot_template` (`Entry`, `Item`, `Comment`, `Chance`, `GroupId`) VALUES (1400050, 20151, "Defiler's Chain Girdle", 0, 1);
INSERT IGNORE INTO `acore_world`.`reference_loot_template` (`Entry`, `Item`, `Comment`, `Chance`, `GroupId`) VALUES (1400050, 20155, "Defiler's Chain Greaves", 0, 1);
INSERT IGNORE INTO `acore_world`.`reference_loot_template` (`Entry`, `Item`, `Comment`, `Chance`, `GroupId`) VALUES (1400050, 20160, "Defiler's Cloth Boots", 0, 1);
INSERT IGNORE INTO `acore_world`.`reference_loot_template` (`Entry`, `Item`, `Comment`, `Chance`, `GroupId`) VALUES (1400050, 20165, "Defiler's Cloth Girdle", 0, 1);
INSERT IGNORE INTO `acore_world`.`reference_loot_template` (`Entry`, `Item`, `Comment`, `Chance`, `GroupId`) VALUES (1400050, 20170, "Defiler's Lizardhide Boots", 0, 1);
INSERT IGNORE INTO `acore_world`.`reference_loot_template` (`Entry`, `Item`, `Comment`, `Chance`, `GroupId`) VALUES (1400050, 20174, "Defiler's Lizardhide Girdle", 0, 1);
INSERT IGNORE INTO `acore_world`.`reference_loot_template` (`Entry`, `Item`, `Comment`, `Chance`, `GroupId`) VALUES (1400050, 20179, "Defiler's Lamellar Girdle", 0, 1);
INSERT IGNORE INTO `acore_world`.`reference_loot_template` (`Entry`, `Item`, `Comment`, `Chance`, `GroupId`) VALUES (1400050, 20185, "Defiler's Lamellar Greaves", 0, 1);
INSERT IGNORE INTO `acore_world`.`reference_loot_template` (`Entry`, `Item`, `Comment`, `Chance`, `GroupId`) VALUES (1400050, 20189, "Defiler's Leather Boots", 0, 1);
INSERT IGNORE INTO `acore_world`.`reference_loot_template` (`Entry`, `Item`, `Comment`, `Chance`, `GroupId`) VALUES (1400050, 20193, "Defiler's Leather Girdle", 0, 1);
INSERT IGNORE INTO `acore_world`.`reference_loot_template` (`Entry`, `Item`, `Comment`, `Chance`, `GroupId`) VALUES (1400050, 20196, "Defiler's Mail Girdle", 0, 1);
INSERT IGNORE INTO `acore_world`.`reference_loot_template` (`Entry`, `Item`, `Comment`, `Chance`, `GroupId`) VALUES (1400050, 20202, "Defiler's Mail Greaves", 0, 1);
INSERT IGNORE INTO `acore_world`.`reference_loot_template` (`Entry`, `Item`, `Comment`, `Chance`, `GroupId`) VALUES (1400050, 20205, "Defiler's Plate Girdle", 0, 1);
INSERT IGNORE INTO `acore_world`.`reference_loot_template` (`Entry`, `Item`, `Comment`, `Chance`, `GroupId`) VALUES (1400050, 20211, "Defiler's Plate Greaves", 0, 1);
INSERT IGNORE INTO `acore_world`.`reference_loot_template` (`Entry`, `Item`, `Comment`, `Chance`, `GroupId`) VALUES (1400050, 21115, "Defiler's Talisman", 0, 1);
INSERT IGNORE INTO `acore_world`.`reference_loot_template` (`Entry`, `Item`, `Comment`, `Chance`, `GroupId`) VALUES (1400050, 21117, "Talisman of Arathor", 0, 1);
INSERT IGNORE INTO `acore_world`.`reference_loot_template` (`Entry`, `Item`, `Comment`, `Chance`, `GroupId`) VALUES (1400050, 22234, "Mantle of Lost Hope", 0, 1);
INSERT IGNORE INTO `acore_world`.`reference_loot_template` (`Entry`, `Item`, `Comment`, `Chance`, `GroupId`) VALUES (1400050, 22240, "Greaves of Withering Despair", 0, 1);
INSERT IGNORE INTO `acore_world`.`reference_loot_template` (`Entry`, `Item`, `Comment`, `Chance`, `GroupId`) VALUES (1400050, 942, "Freezing Band", 2, 2);
INSERT IGNORE INTO `acore_world`.`reference_loot_template` (`Entry`, `Item`, `Comment`, `Chance`, `GroupId`) VALUES (1400050, 2915, "Taran Icebreaker", 2, 2);
INSERT IGNORE INTO `acore_world`.`reference_loot_template` (`Entry`, `Item`, `Comment`, `Chance`, `GroupId`) VALUES (1400050, 7960, "Truesilver Champion", 0, 1);
INSERT IGNORE INTO `acore_world`.`reference_loot_template` (`Entry`, `Item`, `Comment`, `Chance`, `GroupId`) VALUES (1400050, 10783, "Atal'ai Spaulders", 0, 1);
INSERT IGNORE INTO `acore_world`.`reference_loot_template` (`Entry`, `Item`, `Comment`, `Chance`, `GroupId`) VALUES (1400050, 10784, "Atal'ai Breastplate", 0, 1);
INSERT IGNORE INTO `acore_world`.`reference_loot_template` (`Entry`, `Item`, `Comment`, `Chance`, `GroupId`) VALUES (1400050, 10787, "Atal'ai Gloves", 0, 1);
INSERT IGNORE INTO `acore_world`.`reference_loot_template` (`Entry`, `Item`, `Comment`, `Chance`, `GroupId`) VALUES (1400050, 10800, "Darkwater Bracers", 0, 1);
INSERT IGNORE INTO `acore_world`.`reference_loot_template` (`Entry`, `Item`, `Comment`, `Chance`, `GroupId`) VALUES (1400050, 10801, "Slitherscale Boots", 0, 1);
INSERT IGNORE INTO `acore_world`.`reference_loot_template` (`Entry`, `Item`, `Comment`, `Chance`, `GroupId`) VALUES (1400050, 11302, "Uther's Strength", 0, 1);
INSERT IGNORE INTO `acore_world`.`reference_loot_template` (`Entry`, `Item`, `Comment`, `Chance`, `GroupId`) VALUES (1400050, 11623, "Spritecaster Cape", 0, 1);
INSERT IGNORE INTO `acore_world`.`reference_loot_template` (`Entry`, `Item`, `Comment`, `Chance`, `GroupId`) VALUES (1400050, 11624, "Kentic Amice", 0, 1);
INSERT IGNORE INTO `acore_world`.`reference_loot_template` (`Entry`, `Item`, `Comment`, `Chance`, `GroupId`) VALUES (1400050, 11631, "Stoneshell Guard", 0, 1);
INSERT IGNORE INTO `acore_world`.`reference_loot_template` (`Entry`, `Item`, `Comment`, `Chance`, `GroupId`) VALUES (1400050, 11632, "Earthslag Shoulders", 0, 1);
INSERT IGNORE INTO `acore_world`.`reference_loot_template` (`Entry`, `Item`, `Comment`, `Chance`, `GroupId`) VALUES (1400050, 12528, "The Judge's Gavel", 0, 1);
INSERT IGNORE INTO `acore_world`.`reference_loot_template` (`Entry`, `Item`, `Comment`, `Chance`, `GroupId`) VALUES (1400050, 12549, "Braincage", 0, 1);
INSERT IGNORE INTO `acore_world`.`reference_loot_template` (`Entry`, `Item`, `Comment`, `Chance`, `GroupId`) VALUES (1400050, 13008, "Dalewind Trousers", 0, 1);
INSERT IGNORE INTO `acore_world`.`reference_loot_template` (`Entry`, `Item`, `Comment`, `Chance`, `GroupId`) VALUES (1400050, 13052, "Warmonger", 0, 1);
INSERT IGNORE INTO `acore_world`.`reference_loot_template` (`Entry`, `Item`, `Comment`, `Chance`, `GroupId`) VALUES (1400050, 13059, "Stoneraven", 0, 1);
INSERT IGNORE INTO `acore_world`.`reference_loot_template` (`Entry`, `Item`, `Comment`, `Chance`, `GroupId`) VALUES (1400050, 13073, "Mugthol's Helm", 0, 1);
INSERT IGNORE INTO `acore_world`.`reference_loot_template` (`Entry`, `Item`, `Comment`, `Chance`, `GroupId`) VALUES (1400050, 15045, "Green Dragonscale Breastplate", 0, 1);
INSERT IGNORE INTO `acore_world`.`reference_loot_template` (`Entry`, `Item`, `Comment`, `Chance`, `GroupId`) VALUES (1400050, 17050, "Chan's Imperial Robes", 0, 1);
INSERT IGNORE INTO `acore_world`.`reference_loot_template` (`Entry`, `Item`, `Comment`, `Chance`, `GroupId`) VALUES (1400050, 17738, "Claw of Celebras", 0, 1);
INSERT IGNORE INTO `acore_world`.`reference_loot_template` (`Entry`, `Item`, `Comment`, `Chance`, `GroupId`) VALUES (1400050, 17739, "Grovekeeper's Drape", 0, 1);
INSERT IGNORE INTO `acore_world`.`reference_loot_template` (`Entry`, `Item`, `Comment`, `Chance`, `GroupId`) VALUES (1400050, 17740, "Soothsayer's Headdress", 0, 1);
INSERT IGNORE INTO `acore_world`.`reference_loot_template` (`Entry`, `Item`, `Comment`, `Chance`, `GroupId`) VALUES (1400050, 18634, "Gyrofreeze Ice Reflector", 0, 1);
INSERT IGNORE INTO `acore_world`.`reference_loot_template` (`Entry`, `Item`, `Comment`, `Chance`, `GroupId`) VALUES (1400050, 20504, "Lightforged Blade", 0, 1);
INSERT IGNORE INTO `acore_world`.`reference_loot_template` (`Entry`, `Item`, `Comment`, `Chance`, `GroupId`) VALUES (1400050, 30069, "Earthforged Leggings", 0, 1);
INSERT IGNORE INTO `acore_world`.`reference_loot_template` (`Entry`, `Item`, `Comment`, `Chance`, `GroupId`) VALUES (1400050, 30070, "Windforged Leggings", 0, 1);
INSERT IGNORE INTO `acore_world`.`reference_loot_template` (`Entry`, `Item`, `Comment`, `Chance`, `GroupId`) VALUES (1400050, 30071, "Light Earthforged Blade", 0, 1);
INSERT IGNORE INTO `acore_world`.`reference_loot_template` (`Entry`, `Item`, `Comment`, `Chance`, `GroupId`) VALUES (1400050, 30072, "Light Skyforged Axe", 0, 1);
INSERT IGNORE INTO `acore_world`.`reference_loot_template` (`Entry`, `Item`, `Comment`, `Chance`, `GroupId`) VALUES (1400050, 30073, "Light Emberforged Hammer", 0, 1);
INSERT IGNORE INTO `acore_world`.`reference_loot_template` (`Entry`, `Item`, `Comment`, `Chance`, `GroupId`) VALUES (1400050, 1315, "Lei of Lilies", 2, 2);
INSERT IGNORE INTO `acore_world`.`reference_loot_template` (`Entry`, `Item`, `Comment`, `Chance`, `GroupId`) VALUES (1400050, 7734, "Six Demon Bag", 0, 1);
INSERT IGNORE INTO `acore_world`.`reference_loot_template` (`Entry`, `Item`, `Comment`, `Chance`, `GroupId`) VALUES (1400050, 8367, "Dragonscale Breastplate", 0, 1);
INSERT IGNORE INTO `acore_world`.`reference_loot_template` (`Entry`, `Item`, `Comment`, `Chance`, `GroupId`) VALUES (1400050, 10630, "Soulcatcher Halo", 0, 1);
INSERT IGNORE INTO `acore_world`.`reference_loot_template` (`Entry`, `Item`, `Comment`, `Chance`, `GroupId`) VALUES (1400050, 10633, "Silvershell Leggings", 0, 1);
INSERT IGNORE INTO `acore_world`.`reference_loot_template` (`Entry`, `Item`, `Comment`, `Chance`, `GroupId`) VALUES (1400050, 10798, "Atal'alarion's Tusk Ring", 0, 1);
INSERT IGNORE INTO `acore_world`.`reference_loot_template` (`Entry`, `Item`, `Comment`, `Chance`, `GroupId`) VALUES (1400050, 10799, "Headspike", 0, 1);
INSERT IGNORE INTO `acore_world`.`reference_loot_template` (`Entry`, `Item`, `Comment`, `Chance`, `GroupId`) VALUES (1400050, 11603, "Vilerend Slicer", 0, 1);
INSERT IGNORE INTO `acore_world`.`reference_loot_template` (`Entry`, `Item`, `Comment`, `Chance`, `GroupId`) VALUES (1400050, 12531, "Searing Needle", 0, 1);
INSERT IGNORE INTO `acore_world`.`reference_loot_template` (`Entry`, `Item`, `Comment`, `Chance`, `GroupId`) VALUES (1400050, 12542, "Funeral Pyre Vestment", 0, 1);
INSERT IGNORE INTO `acore_world`.`reference_loot_template` (`Entry`, `Item`, `Comment`, `Chance`, `GroupId`) VALUES (1400050, 13009, "Cow King's Hide", 0, 1);
INSERT IGNORE INTO `acore_world`.`reference_loot_template` (`Entry`, `Item`, `Comment`, `Chance`, `GroupId`) VALUES (1400050, 13030, "Basilisk Bone", 0, 1);
INSERT IGNORE INTO `acore_world`.`reference_loot_template` (`Entry`, `Item`, `Comment`, `Chance`, `GroupId`) VALUES (1400050, 13066, "Wyrmslayer Spaulders", 0, 1);
INSERT IGNORE INTO `acore_world`.`reference_loot_template` (`Entry`, `Item`, `Comment`, `Chance`, `GroupId`) VALUES (1400050, 13085, "Horizon Choker", 0, 1);
INSERT IGNORE INTO `acore_world`.`reference_loot_template` (`Entry`, `Item`, `Comment`, `Chance`, `GroupId`) VALUES (1400050, 17007, "Stonerender Gauntlets", 2, 2);
INSERT IGNORE INTO `acore_world`.`reference_loot_template` (`Entry`, `Item`, `Comment`, `Chance`, `GroupId`) VALUES (1400050, 17741, "Nature's Embrace", 0, 1);
INSERT IGNORE INTO `acore_world`.`reference_loot_template` (`Entry`, `Item`, `Comment`, `Chance`, `GroupId`) VALUES (1400050, 17742, "Fungus Shroud Armor", 0, 1);
INSERT IGNORE INTO `acore_world`.`reference_loot_template` (`Entry`, `Item`, `Comment`, `Chance`, `GroupId`) VALUES (1400050, 17744, "Heart of Noxxion", 0, 1);
INSERT IGNORE INTO `acore_world`.`reference_loot_template` (`Entry`, `Item`, `Comment`, `Chance`, `GroupId`) VALUES (1400050, 17745, "Noxious Shooter", 0, 1);
INSERT IGNORE INTO `acore_world`.`reference_loot_template` (`Entry`, `Item`, `Comment`, `Chance`, `GroupId`) VALUES (1400050, 17746, "Noxxion's Shackles", 0, 1);
INSERT IGNORE INTO `acore_world`.`reference_loot_template` (`Entry`, `Item`, `Comment`, `Chance`, `GroupId`) VALUES (1400050, 17748, "Vinerot Sandals", 0, 1);
INSERT IGNORE INTO `acore_world`.`reference_loot_template` (`Entry`, `Item`, `Comment`, `Chance`, `GroupId`) VALUES (1400050, 17749, "Phytoskin Spaulders", 0, 1);
INSERT IGNORE INTO `acore_world`.`reference_loot_template` (`Entry`, `Item`, `Comment`, `Chance`, `GroupId`) VALUES (1400050, 17767, "Bloomsprout Headpiece", 0, 1);
INSERT IGNORE INTO `acore_world`.`reference_loot_template` (`Entry`, `Item`, `Comment`, `Chance`, `GroupId`) VALUES (1400050, 809, "Bloodrazor", 2, 2);
INSERT IGNORE INTO `acore_world`.`reference_loot_template` (`Entry`, `Item`, `Comment`, `Chance`, `GroupId`) VALUES (1400050, 862, "Runed Ring", 0, 1);
INSERT IGNORE INTO `acore_world`.`reference_loot_template` (`Entry`, `Item`, `Comment`, `Chance`, `GroupId`) VALUES (1400050, 1979, "Wall of the Dead", 2, 2);
INSERT IGNORE INTO `acore_world`.`reference_loot_template` (`Entry`, `Item`, `Comment`, `Chance`, `GroupId`) VALUES (1400050, 2564, "Elven Spirit Claws", 0, 1);
INSERT IGNORE INTO `acore_world`.`reference_loot_template` (`Entry`, `Item`, `Comment`, `Chance`, `GroupId`) VALUES (1400050, 7959, "Blight", 0, 1);
INSERT IGNORE INTO `acore_world`.`reference_loot_template` (`Entry`, `Item`, `Comment`, `Chance`, `GroupId`) VALUES (1400050, 8348, "Helm of Fire", 0, 1);
INSERT IGNORE INTO `acore_world`.`reference_loot_template` (`Entry`, `Item`, `Comment`, `Chance`, `GroupId`) VALUES (1400050, 8349, "Feathered Breastplate", 0, 1);
INSERT IGNORE INTO `acore_world`.`reference_loot_template` (`Entry`, `Item`, `Comment`, `Chance`, `GroupId`) VALUES (1400050, 9380, "Jang'thraze the Protector", 0, 1);
INSERT IGNORE INTO `acore_world`.`reference_loot_template` (`Entry`, `Item`, `Comment`, `Chance`, `GroupId`) VALUES (1400050, 9476, "Big Bad Pauldrons", 0, 1);
INSERT IGNORE INTO `acore_world`.`reference_loot_template` (`Entry`, `Item`, `Comment`, `Chance`, `GroupId`) VALUES (1400050, 9477, "The Chief's Enforcer", 0, 1);
INSERT IGNORE INTO `acore_world`.`reference_loot_template` (`Entry`, `Item`, `Comment`, `Chance`, `GroupId`) VALUES (1400050, 9478, "Ripsaw", 0, 1);
INSERT IGNORE INTO `acore_world`.`reference_loot_template` (`Entry`, `Item`, `Comment`, `Chance`, `GroupId`) VALUES (1400050, 9479, "Embrace of the Lycan", 0, 1);
INSERT IGNORE INTO `acore_world`.`reference_loot_template` (`Entry`, `Item`, `Comment`, `Chance`, `GroupId`) VALUES (1400050, 9484, "Spellshock Leggings", 0, 1);
INSERT IGNORE INTO `acore_world`.`reference_loot_template` (`Entry`, `Item`, `Comment`, `Chance`, `GroupId`) VALUES (1400050, 10041, "Dreamweave Circlet", 0, 1);
INSERT IGNORE INTO `acore_world`.`reference_loot_template` (`Entry`, `Item`, `Comment`, `Chance`, `GroupId`) VALUES (1400050, 10626, "Ragehammer", 0, 1);
INSERT IGNORE INTO `acore_world`.`reference_loot_template` (`Entry`, `Item`, `Comment`, `Chance`, `GroupId`) VALUES (1400050, 10629, "Mistwalker Boots", 0, 1);
INSERT IGNORE INTO `acore_world`.`reference_loot_template` (`Entry`, `Item`, `Comment`, `Chance`, `GroupId`) VALUES (1400050, 11086, "Jang'thraze the Protector", 0, 1);
INSERT IGNORE INTO `acore_world`.`reference_loot_template` (`Entry`, `Item`, `Comment`, `Chance`, `GroupId`) VALUES (1400050, 13046, "Blanchard's Stout", 0, 1);
INSERT IGNORE INTO `acore_world`.`reference_loot_template` (`Entry`, `Item`, `Comment`, `Chance`, `GroupId`) VALUES (1400050, 13065, "Wand of Allistarj", 0, 1);
INSERT IGNORE INTO `acore_world`.`reference_loot_template` (`Entry`, `Item`, `Comment`, `Chance`, `GroupId`) VALUES (1400050, 13125, "Elven Chain Boots", 0, 1);
INSERT IGNORE INTO `acore_world`.`reference_loot_template` (`Entry`, `Item`, `Comment`, `Chance`, `GroupId`) VALUES (1400050, 13139, "Guttbuster", 0, 1);
INSERT IGNORE INTO `acore_world`.`reference_loot_template` (`Entry`, `Item`, `Comment`, `Chance`, `GroupId`) VALUES (1400050, 16341, "Sergeant's Cloak", 0, 1);
INSERT IGNORE INTO `acore_world`.`reference_loot_template` (`Entry`, `Item`, `Comment`, `Chance`, `GroupId`) VALUES (1400050, 17054, "Joonho's Mercy", 0, 1);
INSERT IGNORE INTO `acore_world`.`reference_loot_template` (`Entry`, `Item`, `Comment`, `Chance`, `GroupId`) VALUES (1400050, 17055, "Changuk Smasher", 0, 1);
INSERT IGNORE INTO `acore_world`.`reference_loot_template` (`Entry`, `Item`, `Comment`, `Chance`, `GroupId`) VALUES (1400050, 17752, "Satyr's Lash", 0, 1);
INSERT IGNORE INTO `acore_world`.`reference_loot_template` (`Entry`, `Item`, `Comment`, `Chance`, `GroupId`) VALUES (1400050, 17754, "Infernal Trickster Leggings", 0, 1);
INSERT IGNORE INTO `acore_world`.`reference_loot_template` (`Entry`, `Item`, `Comment`, `Chance`, `GroupId`) VALUES (1400050, 17755, "Satyrmane Sash", 0, 1);
INSERT IGNORE INTO `acore_world`.`reference_loot_template` (`Entry`, `Item`, `Comment`, `Chance`, `GroupId`) VALUES (1400050, 18428, "Senior Sergeant's Insignia", 0, 1);
INSERT IGNORE INTO `acore_world`.`reference_loot_template` (`Entry`, `Item`, `Comment`, `Chance`, `GroupId`) VALUES (1400050, 18430, "First Sergeant's Plate Bracers", 0, 1);
INSERT IGNORE INTO `acore_world`.`reference_loot_template` (`Entry`, `Item`, `Comment`, `Chance`, `GroupId`) VALUES (1400050, 18432, "First Sergeant's Mail Wristguards", 0, 1);
INSERT IGNORE INTO `acore_world`.`reference_loot_template` (`Entry`, `Item`, `Comment`, `Chance`, `GroupId`) VALUES (1400050, 18435, "First Sergeant's Leather Armguards", 0, 1);
INSERT IGNORE INTO `acore_world`.`reference_loot_template` (`Entry`, `Item`, `Comment`, `Chance`, `GroupId`) VALUES (1400050, 18436, "First Sergeant's Dragonhide Armguards", 0, 1);
INSERT IGNORE INTO `acore_world`.`reference_loot_template` (`Entry`, `Item`, `Comment`, `Chance`, `GroupId`) VALUES (1400050, 18437, "First Sergeant's Silk Cuffs", 0, 1);
INSERT IGNORE INTO `acore_world`.`reference_loot_template` (`Entry`, `Item`, `Comment`, `Chance`, `GroupId`) VALUES (1400050, 18441, "Sergeant's Cape", 0, 1);
INSERT IGNORE INTO `acore_world`.`reference_loot_template` (`Entry`, `Item`, `Comment`, `Chance`, `GroupId`) VALUES (1400050, 18444, "Master Sergeant's Insignia", 0, 1);
INSERT IGNORE INTO `acore_world`.`reference_loot_template` (`Entry`, `Item`, `Comment`, `Chance`, `GroupId`) VALUES (1400050, 18447, "Sergeant Major's Plate Wristguards", 0, 1);
INSERT IGNORE INTO `acore_world`.`reference_loot_template` (`Entry`, `Item`, `Comment`, `Chance`, `GroupId`) VALUES (1400050, 18449, "Sergeant Major's Chain Armguards", 0, 1);
INSERT IGNORE INTO `acore_world`.`reference_loot_template` (`Entry`, `Item`, `Comment`, `Chance`, `GroupId`) VALUES (1400050, 18453, "Sergeant Major's Leather Armsplints", 0, 1);
INSERT IGNORE INTO `acore_world`.`reference_loot_template` (`Entry`, `Item`, `Comment`, `Chance`, `GroupId`) VALUES (1400050, 18455, "Sergeant Major's Dragonhide Armsplints", 0, 1);
INSERT IGNORE INTO `acore_world`.`reference_loot_template` (`Entry`, `Item`, `Comment`, `Chance`, `GroupId`) VALUES (1400050, 18457, "Sergeant Major's Silk Cuffs", 0, 1);
INSERT IGNORE INTO `acore_world`.`reference_loot_template` (`Entry`, `Item`, `Comment`, `Chance`, `GroupId`) VALUES (1400050, 18709, "Arena Wristguards", 0, 1);
INSERT IGNORE INTO `acore_world`.`reference_loot_template` (`Entry`, `Item`, `Comment`, `Chance`, `GroupId`) VALUES (1400050, 18710, "Arena Bracers", 0, 1);
INSERT IGNORE INTO `acore_world`.`reference_loot_template` (`Entry`, `Item`, `Comment`, `Chance`, `GroupId`) VALUES (1400050, 18711, "Arena Bands", 0, 1);
INSERT IGNORE INTO `acore_world`.`reference_loot_template` (`Entry`, `Item`, `Comment`, `Chance`, `GroupId`) VALUES (1400050, 18712, "Arena Vambraces", 0, 1);
INSERT IGNORE INTO `acore_world`.`reference_loot_template` (`Entry`, `Item`, `Comment`, `Chance`, `GroupId`) VALUES (1400050, 21753, "Gem Studded Band", 0, 1);
INSERT IGNORE INTO `acore_world`.`reference_loot_template` (`Entry`, `Item`, `Comment`, `Chance`, `GroupId`) VALUES (1400050, 21766, "Opal Necklace of Impact", 0, 1);
INSERT IGNORE INTO `acore_world`.`reference_loot_template` (`Entry`, `Item`, `Comment`, `Chance`, `GroupId`) VALUES (1400050, 29964, "Blackstorm Leggings", 0, 1);
INSERT IGNORE INTO `acore_world`.`reference_loot_template` (`Entry`, `Item`, `Comment`, `Chance`, `GroupId`) VALUES (1400050, 29970, "Wildfeather Leggings", 0, 1);
INSERT IGNORE INTO `acore_world`.`reference_loot_template` (`Entry`, `Item`, `Comment`, `Chance`, `GroupId`) VALUES (1400050, 29971, "Dragonstrike Leggings", 0, 1);
INSERT IGNORE INTO `acore_world`.`reference_loot_template` (`Entry`, `Item`, `Comment`, `Chance`, `GroupId`) VALUES (1400050, 2291, "Kang the Decapitator", 2, 2);
INSERT IGNORE INTO `acore_world`.`reference_loot_template` (`Entry`, `Item`, `Comment`, `Chance`, `GroupId`) VALUES (1400050, 7939, "Truesilver Breastplate", 0, 1);
INSERT IGNORE INTO `acore_world`.`reference_loot_template` (`Entry`, `Item`, `Comment`, `Chance`, `GroupId`) VALUES (1400050, 7961, "Phantom Blade", 0, 1);
INSERT IGNORE INTO `acore_world`.`reference_loot_template` (`Entry`, `Item`, `Comment`, `Chance`, `GroupId`) VALUES (1400050, 9379, "Sang'thraze the Deflector", 0, 1);
INSERT IGNORE INTO `acore_world`.`reference_loot_template` (`Entry`, `Item`, `Comment`, `Chance`, `GroupId`) VALUES (1400050, 9413, "The Rockpounder", 0, 1);
INSERT IGNORE INTO `acore_world`.`reference_loot_template` (`Entry`, `Item`, `Comment`, `Chance`, `GroupId`) VALUES (1400050, 9418, "Stoneslayer", 0, 1);
INSERT IGNORE INTO `acore_world`.`reference_loot_template` (`Entry`, `Item`, `Comment`, `Chance`, `GroupId`) VALUES (1400050, 9470, "Bad Mojo Mask", 0, 1);
INSERT IGNORE INTO `acore_world`.`reference_loot_template` (`Entry`, `Item`, `Comment`, `Chance`, `GroupId`) VALUES (1400050, 9473, "Jinxed Hoodoo Skin", 0, 1);
INSERT IGNORE INTO `acore_world`.`reference_loot_template` (`Entry`, `Item`, `Comment`, `Chance`, `GroupId`) VALUES (1400050, 9474, "Jinxed Hoodoo Kilt", 0, 1);
INSERT IGNORE INTO `acore_world`.`reference_loot_template` (`Entry`, `Item`, `Comment`, `Chance`, `GroupId`) VALUES (1400050, 9475, "Diabolic Skiver", 0, 1);
INSERT IGNORE INTO `acore_world`.`reference_loot_template` (`Entry`, `Item`, `Comment`, `Chance`, `GroupId`) VALUES (1400050, 9481, "The Minotaur", 0, 1);
INSERT IGNORE INTO `acore_world`.`reference_loot_template` (`Entry`, `Item`, `Comment`, `Chance`, `GroupId`) VALUES (1400050, 9483, "Flaming Incinerator", 0, 1);
INSERT IGNORE INTO `acore_world`.`reference_loot_template` (`Entry`, `Item`, `Comment`, `Chance`, `GroupId`) VALUES (1400050, 10625, "Stealthblade", 0, 1);
INSERT IGNORE INTO `acore_world`.`reference_loot_template` (`Entry`, `Item`, `Comment`, `Chance`, `GroupId`) VALUES (1400050, 10632, "Slimescale Bracers", 0, 1);
INSERT IGNORE INTO `acore_world`.`reference_loot_template` (`Entry`, `Item`, `Comment`, `Chance`, `GroupId`) VALUES (1400050, 13035, "Serpent Slicer", 0, 1);
INSERT IGNORE INTO `acore_world`.`reference_loot_template` (`Entry`, `Item`, `Comment`, `Chance`, `GroupId`) VALUES (1400050, 13043, "Blade of the Titans", 0, 1);
INSERT IGNORE INTO `acore_world`.`reference_loot_template` (`Entry`, `Item`, `Comment`, `Chance`, `GroupId`) VALUES (1400050, 13089, "Skibi's Pendant", 0, 1);
INSERT IGNORE INTO `acore_world`.`reference_loot_template` (`Entry`, `Item`, `Comment`, `Chance`, `GroupId`) VALUES (1400050, 13109, "Blackflame Cape", 0, 1);
INSERT IGNORE INTO `acore_world`.`reference_loot_template` (`Entry`, `Item`, `Comment`, `Chance`, `GroupId`) VALUES (1400050, 13134, "Belt of the Gladiator", 0, 1);
INSERT IGNORE INTO `acore_world`.`reference_loot_template` (`Entry`, `Item`, `Comment`, `Chance`, `GroupId`) VALUES (1400050, 14550, "Bladebane Armguards", 2, 2);
INSERT IGNORE INTO `acore_world`.`reference_loot_template` (`Entry`, `Item`, `Comment`, `Chance`, `GroupId`) VALUES (1400050, 14551, "Edgemaster's Handguards", 2, 2);
INSERT IGNORE INTO `acore_world`.`reference_loot_template` (`Entry`, `Item`, `Comment`, `Chance`, `GroupId`) VALUES (1400050, 943, "Warden Staff", 2, 2);
INSERT IGNORE INTO `acore_world`.`reference_loot_template` (`Entry`, `Item`, `Comment`, `Chance`, `GroupId`) VALUES (1400050, 2040, "Troll Protector", 0, 1);
INSERT IGNORE INTO `acore_world`.`reference_loot_template` (`Entry`, `Item`, `Comment`, `Chance`, `GroupId`) VALUES (1400050, 2100, "Precisely Calibrated Boomstick", 2, 2);
INSERT IGNORE INTO `acore_world`.`reference_loot_template` (`Entry`, `Item`, `Comment`, `Chance`, `GroupId`) VALUES (1400050, 6440, "Brainlash", 0, 1);
INSERT IGNORE INTO `acore_world`.`reference_loot_template` (`Entry`, `Item`, `Comment`, `Chance`, `GroupId`) VALUES (1400050, 9469, "Gahz'rilla Scale Armor", 0, 1);
INSERT IGNORE INTO `acore_world`.`reference_loot_template` (`Entry`, `Item`, `Comment`, `Chance`, `GroupId`) VALUES (1400050, 9480, "Eyegouger", 0, 1);
INSERT IGNORE INTO `acore_world`.`reference_loot_template` (`Entry`, `Item`, `Comment`, `Chance`, `GroupId`) VALUES (1400050, 9639, "The Hand of Antu'sul", 0, 1);
INSERT IGNORE INTO `acore_world`.`reference_loot_template` (`Entry`, `Item`, `Comment`, `Chance`, `GroupId`) VALUES (1400050, 9640, "Vice Grips", 0, 1);
INSERT IGNORE INTO `acore_world`.`reference_loot_template` (`Entry`, `Item`, `Comment`, `Chance`, `GroupId`) VALUES (1400050, 9641, "Lifeblood Amulet", 0, 1);
INSERT IGNORE INTO `acore_world`.`reference_loot_template` (`Entry`, `Item`, `Comment`, `Chance`, `GroupId`) VALUES (1400050, 10623, "Winter's Bite", 0, 1);
INSERT IGNORE INTO `acore_world`.`reference_loot_template` (`Entry`, `Item`, `Comment`, `Chance`, `GroupId`) VALUES (1400050, 10628, "Deathblow", 0, 1);
INSERT IGNORE INTO `acore_world`.`reference_loot_template` (`Entry`, `Item`, `Comment`, `Chance`, `GroupId`) VALUES (1400050, 13018, "Executioner's Cleaver", 0, 1);
INSERT IGNORE INTO `acore_world`.`reference_loot_template` (`Entry`, `Item`, `Comment`, `Chance`, `GroupId`) VALUES (1400050, 13039, "Skull Splitting Crossbow", 0, 1);
INSERT IGNORE INTO `acore_world`.`reference_loot_template` (`Entry`, `Item`, `Comment`, `Chance`, `GroupId`) VALUES (1400050, 13055, "Bonechewer", 0, 1);
INSERT IGNORE INTO `acore_world`.`reference_loot_template` (`Entry`, `Item`, `Comment`, `Chance`, `GroupId`) VALUES (1400050, 13076, "Giantslayer Bracers", 0, 1);
INSERT IGNORE INTO `acore_world`.`reference_loot_template` (`Entry`, `Item`, `Comment`, `Chance`, `GroupId`) VALUES (1400050, 13112, "Winged Helm", 0, 1);
INSERT IGNORE INTO `acore_world`.`reference_loot_template` (`Entry`, `Item`, `Comment`, `Chance`, `GroupId`) VALUES (1400050, 754, "Shortsword of Vengeance", 0, 1);
INSERT IGNORE INTO `acore_world`.`reference_loot_template` (`Entry`, `Item`, `Comment`, `Chance`, `GroupId`) VALUES (1400050, 871, "Flurry Axe", 2, 2);
INSERT IGNORE INTO `acore_world`.`reference_loot_template` (`Entry`, `Item`, `Comment`, `Chance`, `GroupId`) VALUES (1400050, 940, "Robes of Insight", 2, 2);
INSERT IGNORE INTO `acore_world`.`reference_loot_template` (`Entry`, `Item`, `Comment`, `Chance`, `GroupId`) VALUES (1400050, 4091, "Widowmaker", 0, 1);
INSERT IGNORE INTO `acore_world`.`reference_loot_template` (`Entry`, `Item`, `Comment`, `Chance`, `GroupId`) VALUES (1400050, 5616, "Gutwrencher", 0, 1);
INSERT IGNORE INTO `acore_world`.`reference_loot_template` (`Entry`, `Item`, `Comment`, `Chance`, `GroupId`) VALUES (1400050, 7954, "The Shatterer", 0, 1);
INSERT IGNORE INTO `acore_world`.`reference_loot_template` (`Entry`, `Item`, `Comment`, `Chance`, `GroupId`) VALUES (1400050, 9412, "Galgann's Fireblaster", 0, 1);
INSERT IGNORE INTO `acore_world`.`reference_loot_template` (`Entry`, `Item`, `Comment`, `Chance`, `GroupId`) VALUES (1400050, 9415, "Grimlok's Tribal Vestments", 0, 1);
INSERT IGNORE INTO `acore_world`.`reference_loot_template` (`Entry`, `Item`, `Comment`, `Chance`, `GroupId`) VALUES (1400050, 9416, "Grimlok's Charge", 0, 1);
INSERT IGNORE INTO `acore_world`.`reference_loot_template` (`Entry`, `Item`, `Comment`, `Chance`, `GroupId`) VALUES (1400050, 9417, "Archaedic Shard", 0, 1);
INSERT IGNORE INTO `acore_world`.`reference_loot_template` (`Entry`, `Item`, `Comment`, `Chance`, `GroupId`) VALUES (1400050, 9482, "Witch Doctor's Cane", 0, 1);
INSERT IGNORE INTO `acore_world`.`reference_loot_template` (`Entry`, `Item`, `Comment`, `Chance`, `GroupId`) VALUES (1400050, 10624, "Stinging Bow", 0, 1);
INSERT IGNORE INTO `acore_world`.`reference_loot_template` (`Entry`, `Item`, `Comment`, `Chance`, `GroupId`) VALUES (1400050, 10627, "Bludgeon of the Grinning Dog", 0, 1);
INSERT IGNORE INTO `acore_world`.`reference_loot_template` (`Entry`, `Item`, `Comment`, `Chance`, `GroupId`) VALUES (1400050, 11118, "Archaedic Stone", 0, 1);
INSERT IGNORE INTO `acore_world`.`reference_loot_template` (`Entry`, `Item`, `Comment`, `Chance`, `GroupId`) VALUES (1400050, 11310, "Flameseer Mantle", 0, 1);
INSERT IGNORE INTO `acore_world`.`reference_loot_template` (`Entry`, `Item`, `Comment`, `Chance`, `GroupId`) VALUES (1400050, 12469, "Mutilator", 0, 1);
INSERT IGNORE INTO `acore_world`.`reference_loot_template` (`Entry`, `Item`, `Comment`, `Chance`, `GroupId`) VALUES (1400050, 12470, "Sandstalker Ankleguards", 0, 1);
INSERT IGNORE INTO `acore_world`.`reference_loot_template` (`Entry`, `Item`, `Comment`, `Chance`, `GroupId`) VALUES (1400050, 12471, "Desertwalker Cane", 0, 1);
INSERT IGNORE INTO `acore_world`.`reference_loot_template` (`Entry`, `Item`, `Comment`, `Chance`, `GroupId`) VALUES (1400050, 13021, "Needle Threader", 0, 1);
INSERT IGNORE INTO `acore_world`.`reference_loot_template` (`Entry`, `Item`, `Comment`, `Chance`, `GroupId`) VALUES (1400050, 13102, "Cassandra's Grace", 0, 1);
INSERT IGNORE INTO `acore_world`.`reference_loot_template` (`Entry`, `Item`, `Comment`, `Chance`, `GroupId`) VALUES (1400050, 13128, "High Bergg Helm", 0, 1);
INSERT IGNORE INTO `acore_world`.`reference_loot_template` (`Entry`, `Item`, `Comment`, `Chance`, `GroupId`) VALUES (1400050, 18082, "Zum'rah's Vexing Cane", 0, 1);
INSERT IGNORE INTO `acore_world`.`reference_loot_template` (`Entry`, `Item`, `Comment`, `Chance`, `GroupId`) VALUES (1400050, 18083, "Jumanza Grips", 0, 1);
INSERT IGNORE INTO `acore_world`.`reference_loot_template` (`Entry`, `Item`, `Comment`, `Chance`, `GroupId`) VALUES (1400050, 1169, "Blackskull Shield", 2, 2);
INSERT IGNORE INTO `acore_world`.`reference_loot_template` (`Entry`, `Item`, `Comment`, `Chance`, `GroupId`) VALUES (1400050, 1447, "Ring of Saviors", 2, 2);
INSERT IGNORE INTO `acore_world`.`reference_loot_template` (`Entry`, `Item`, `Comment`, `Chance`, `GroupId`) VALUES (1400050, 1720, "Tanglewood Staff", 0, 1);
INSERT IGNORE INTO `acore_world`.`reference_loot_template` (`Entry`, `Item`, `Comment`, `Chance`, `GroupId`) VALUES (1400050, 4090, "Mug O' Hurt", 0, 1);
INSERT IGNORE INTO `acore_world`.`reference_loot_template` (`Entry`, `Item`, `Comment`, `Chance`, `GroupId`) VALUES (1400050, 8346, "Gauntlets of the Sea", 0, 1);
INSERT IGNORE INTO `acore_world`.`reference_loot_template` (`Entry`, `Item`, `Comment`, `Chance`, `GroupId`) VALUES (1400050, 9433, "Forgotten Wraps", 0, 1);
INSERT IGNORE INTO `acore_world`.`reference_loot_template` (`Entry`, `Item`, `Comment`, `Chance`, `GroupId`) VALUES (1400050, 9511, "Bloodletter Scalpel", 0, 1);
INSERT IGNORE INTO `acore_world`.`reference_loot_template` (`Entry`, `Item`, `Comment`, `Chance`, `GroupId`) VALUES (1400050, 9512, "Blackmetal Cape", 0, 1);
INSERT IGNORE INTO `acore_world`.`reference_loot_template` (`Entry`, `Item`, `Comment`, `Chance`, `GroupId`) VALUES (1400050, 10631, "Murkwater Gauntlets", 0, 1);
INSERT IGNORE INTO `acore_world`.`reference_loot_template` (`Entry`, `Item`, `Comment`, `Chance`, `GroupId`) VALUES (1400050, 10634, "Mindseye Circle", 0, 1);
INSERT IGNORE INTO `acore_world`.`reference_loot_template` (`Entry`, `Item`, `Comment`, `Chance`, `GroupId`) VALUES (1400050, 13074, "Golem Shard Leggings", 0, 1);
INSERT IGNORE INTO `acore_world`.`reference_loot_template` (`Entry`, `Item`, `Comment`, `Chance`, `GroupId`) VALUES (1400050, 13082, "Mountainside Buckler", 0, 1);


INSERT IGNORE INTO `acore_world`.`reference_loot_template` (`Entry`, `Item`, `Comment`, `Chance`, `GroupId`) VALUES (1400060, 16666, "Vest of Elements", 0, 1);
INSERT IGNORE INTO `acore_world`.`reference_loot_template` (`Entry`, `Item`, `Comment`, `Chance`, `GroupId`) VALUES (1400060, 16667, "Coif of Elements", 0, 1);
INSERT IGNORE INTO `acore_world`.`reference_loot_template` (`Entry`, `Item`, `Comment`, `Chance`, `GroupId`) VALUES (1400060, 16668, "Kilt of Elements", 0, 1);
INSERT IGNORE INTO `acore_world`.`reference_loot_template` (`Entry`, `Item`, `Comment`, `Chance`, `GroupId`) VALUES (1400060, 16669, "Pauldrons of Elements", 0, 1);
INSERT IGNORE INTO `acore_world`.`reference_loot_template` (`Entry`, `Item`, `Comment`, `Chance`, `GroupId`) VALUES (1400060, 16670, "Boots of Elements", 0, 1);
INSERT IGNORE INTO `acore_world`.`reference_loot_template` (`Entry`, `Item`, `Comment`, `Chance`, `GroupId`) VALUES (1400060, 16671, "Bindings of Elements", 0, 1);
INSERT IGNORE INTO `acore_world`.`reference_loot_template` (`Entry`, `Item`, `Comment`, `Chance`, `GroupId`) VALUES (1400060, 16672, "Gauntlets of Elements", 0, 1);
INSERT IGNORE INTO `acore_world`.`reference_loot_template` (`Entry`, `Item`, `Comment`, `Chance`, `GroupId`) VALUES (1400060, 16673, "Cord of Elements", 0, 1);
INSERT IGNORE INTO `acore_world`.`reference_loot_template` (`Entry`, `Item`, `Comment`, `Chance`, `GroupId`) VALUES (1400060, 16674, "Beaststalker's Tunic", 0, 1);
INSERT IGNORE INTO `acore_world`.`reference_loot_template` (`Entry`, `Item`, `Comment`, `Chance`, `GroupId`) VALUES (1400060, 16675, "Beaststalker's Boots", 0, 1);
INSERT IGNORE INTO `acore_world`.`reference_loot_template` (`Entry`, `Item`, `Comment`, `Chance`, `GroupId`) VALUES (1400060, 16676, "Beaststalker's Gloves", 0, 1);
INSERT IGNORE INTO `acore_world`.`reference_loot_template` (`Entry`, `Item`, `Comment`, `Chance`, `GroupId`) VALUES (1400060, 16677, "Beaststalker's Cap", 0, 1);
INSERT IGNORE INTO `acore_world`.`reference_loot_template` (`Entry`, `Item`, `Comment`, `Chance`, `GroupId`) VALUES (1400060, 16678, "Beaststalker's Pants", 0, 1);
INSERT IGNORE INTO `acore_world`.`reference_loot_template` (`Entry`, `Item`, `Comment`, `Chance`, `GroupId`) VALUES (1400060, 16679, "Beaststalker's Mantle", 0, 1);
INSERT IGNORE INTO `acore_world`.`reference_loot_template` (`Entry`, `Item`, `Comment`, `Chance`, `GroupId`) VALUES (1400060, 16680, "Beaststalker's Belt", 0, 1);
INSERT IGNORE INTO `acore_world`.`reference_loot_template` (`Entry`, `Item`, `Comment`, `Chance`, `GroupId`) VALUES (1400060, 16681, "Beaststalker's Bindings", 0, 1);
INSERT IGNORE INTO `acore_world`.`reference_loot_template` (`Entry`, `Item`, `Comment`, `Chance`, `GroupId`) VALUES (1400060, 16682, "Magister's Boots", 0, 1);
INSERT IGNORE INTO `acore_world`.`reference_loot_template` (`Entry`, `Item`, `Comment`, `Chance`, `GroupId`) VALUES (1400060, 16683, "Magister's Bindings", 0, 1);
INSERT IGNORE INTO `acore_world`.`reference_loot_template` (`Entry`, `Item`, `Comment`, `Chance`, `GroupId`) VALUES (1400060, 16684, "Magister's Gloves", 0, 1);
INSERT IGNORE INTO `acore_world`.`reference_loot_template` (`Entry`, `Item`, `Comment`, `Chance`, `GroupId`) VALUES (1400060, 16685, "Magister's Belt", 0, 1);
INSERT IGNORE INTO `acore_world`.`reference_loot_template` (`Entry`, `Item`, `Comment`, `Chance`, `GroupId`) VALUES (1400060, 16686, "Magister's Crown", 0, 1);
INSERT IGNORE INTO `acore_world`.`reference_loot_template` (`Entry`, `Item`, `Comment`, `Chance`, `GroupId`) VALUES (1400060, 16687, "Magister's Leggings", 0, 1);
INSERT IGNORE INTO `acore_world`.`reference_loot_template` (`Entry`, `Item`, `Comment`, `Chance`, `GroupId`) VALUES (1400060, 16688, "Magister's Robes", 0, 1);
INSERT IGNORE INTO `acore_world`.`reference_loot_template` (`Entry`, `Item`, `Comment`, `Chance`, `GroupId`) VALUES (1400060, 16689, "Magister's Mantle", 0, 1);
INSERT IGNORE INTO `acore_world`.`reference_loot_template` (`Entry`, `Item`, `Comment`, `Chance`, `GroupId`) VALUES (1400060, 16690, "Devout Robe", 0, 1);
INSERT IGNORE INTO `acore_world`.`reference_loot_template` (`Entry`, `Item`, `Comment`, `Chance`, `GroupId`) VALUES (1400060, 16691, "Devout Sandals", 0, 1);
INSERT IGNORE INTO `acore_world`.`reference_loot_template` (`Entry`, `Item`, `Comment`, `Chance`, `GroupId`) VALUES (1400060, 16692, "Devout Gloves", 0, 1);
INSERT IGNORE INTO `acore_world`.`reference_loot_template` (`Entry`, `Item`, `Comment`, `Chance`, `GroupId`) VALUES (1400060, 16693, "Devout Crown", 0, 1);
INSERT IGNORE INTO `acore_world`.`reference_loot_template` (`Entry`, `Item`, `Comment`, `Chance`, `GroupId`) VALUES (1400060, 16694, "Devout Skirt", 0, 1);
INSERT IGNORE INTO `acore_world`.`reference_loot_template` (`Entry`, `Item`, `Comment`, `Chance`, `GroupId`) VALUES (1400060, 16695, "Devout Mantle", 0, 1);
INSERT IGNORE INTO `acore_world`.`reference_loot_template` (`Entry`, `Item`, `Comment`, `Chance`, `GroupId`) VALUES (1400060, 16696, "Devout Belt", 0, 1);
INSERT IGNORE INTO `acore_world`.`reference_loot_template` (`Entry`, `Item`, `Comment`, `Chance`, `GroupId`) VALUES (1400060, 16697, "Devout Bracers", 0, 1);
INSERT IGNORE INTO `acore_world`.`reference_loot_template` (`Entry`, `Item`, `Comment`, `Chance`, `GroupId`) VALUES (1400060, 16698, "Dreadmist Mask", 0, 1);
INSERT IGNORE INTO `acore_world`.`reference_loot_template` (`Entry`, `Item`, `Comment`, `Chance`, `GroupId`) VALUES (1400060, 16699, "Dreadmist Leggings", 0, 1);
INSERT IGNORE INTO `acore_world`.`reference_loot_template` (`Entry`, `Item`, `Comment`, `Chance`, `GroupId`) VALUES (1400060, 16700, "Dreadmist Robe", 0, 1);
INSERT IGNORE INTO `acore_world`.`reference_loot_template` (`Entry`, `Item`, `Comment`, `Chance`, `GroupId`) VALUES (1400060, 16701, "Dreadmist Mantle", 0, 1);
INSERT IGNORE INTO `acore_world`.`reference_loot_template` (`Entry`, `Item`, `Comment`, `Chance`, `GroupId`) VALUES (1400060, 16702, "Dreadmist Belt", 0, 1);
INSERT IGNORE INTO `acore_world`.`reference_loot_template` (`Entry`, `Item`, `Comment`, `Chance`, `GroupId`) VALUES (1400060, 16703, "Dreadmist Bracers", 0, 1);
INSERT IGNORE INTO `acore_world`.`reference_loot_template` (`Entry`, `Item`, `Comment`, `Chance`, `GroupId`) VALUES (1400060, 16704, "Dreadmist Sandals", 0, 1);
INSERT IGNORE INTO `acore_world`.`reference_loot_template` (`Entry`, `Item`, `Comment`, `Chance`, `GroupId`) VALUES (1400060, 16705, "Dreadmist Wraps", 0, 1);
INSERT IGNORE INTO `acore_world`.`reference_loot_template` (`Entry`, `Item`, `Comment`, `Chance`, `GroupId`) VALUES (1400060, 16706, "Wildheart Vest", 0, 1);
INSERT IGNORE INTO `acore_world`.`reference_loot_template` (`Entry`, `Item`, `Comment`, `Chance`, `GroupId`) VALUES (1400060, 16707, "Shadowcraft Cap", 0, 1);
INSERT IGNORE INTO `acore_world`.`reference_loot_template` (`Entry`, `Item`, `Comment`, `Chance`, `GroupId`) VALUES (1400060, 16708, "Shadowcraft Spaulders", 0, 1);
INSERT IGNORE INTO `acore_world`.`reference_loot_template` (`Entry`, `Item`, `Comment`, `Chance`, `GroupId`) VALUES (1400060, 16709, "Shadowcraft Pants", 0, 1);
INSERT IGNORE INTO `acore_world`.`reference_loot_template` (`Entry`, `Item`, `Comment`, `Chance`, `GroupId`) VALUES (1400060, 16710, "Shadowcraft Bracers", 0, 1);
INSERT IGNORE INTO `acore_world`.`reference_loot_template` (`Entry`, `Item`, `Comment`, `Chance`, `GroupId`) VALUES (1400060, 16711, "Shadowcraft Boots", 0, 1);
INSERT IGNORE INTO `acore_world`.`reference_loot_template` (`Entry`, `Item`, `Comment`, `Chance`, `GroupId`) VALUES (1400060, 16712, "Shadowcraft Gloves", 0, 1);
INSERT IGNORE INTO `acore_world`.`reference_loot_template` (`Entry`, `Item`, `Comment`, `Chance`, `GroupId`) VALUES (1400060, 16713, "Shadowcraft Belt", 0, 1);
INSERT IGNORE INTO `acore_world`.`reference_loot_template` (`Entry`, `Item`, `Comment`, `Chance`, `GroupId`) VALUES (1400060, 16714, "Wildheart Bracers", 0, 1);
INSERT IGNORE INTO `acore_world`.`reference_loot_template` (`Entry`, `Item`, `Comment`, `Chance`, `GroupId`) VALUES (1400060, 16715, "Wildheart Boots", 0, 1);
INSERT IGNORE INTO `acore_world`.`reference_loot_template` (`Entry`, `Item`, `Comment`, `Chance`, `GroupId`) VALUES (1400060, 16716, "Wildheart Belt", 0, 1);
INSERT IGNORE INTO `acore_world`.`reference_loot_template` (`Entry`, `Item`, `Comment`, `Chance`, `GroupId`) VALUES (1400060, 16717, "Wildheart Gloves", 0, 1);
INSERT IGNORE INTO `acore_world`.`reference_loot_template` (`Entry`, `Item`, `Comment`, `Chance`, `GroupId`) VALUES (1400060, 16718, "Wildheart Spaulders", 0, 1);
INSERT IGNORE INTO `acore_world`.`reference_loot_template` (`Entry`, `Item`, `Comment`, `Chance`, `GroupId`) VALUES (1400060, 16719, "Wildheart Kilt", 0, 1);
INSERT IGNORE INTO `acore_world`.`reference_loot_template` (`Entry`, `Item`, `Comment`, `Chance`, `GroupId`) VALUES (1400060, 16720, "Wildheart Cowl", 0, 1);
INSERT IGNORE INTO `acore_world`.`reference_loot_template` (`Entry`, `Item`, `Comment`, `Chance`, `GroupId`) VALUES (1400060, 16721, "Shadowcraft Tunic", 0, 1);
INSERT IGNORE INTO `acore_world`.`reference_loot_template` (`Entry`, `Item`, `Comment`, `Chance`, `GroupId`) VALUES (1400060, 16722, "Lightforge Bracers", 0, 1);
INSERT IGNORE INTO `acore_world`.`reference_loot_template` (`Entry`, `Item`, `Comment`, `Chance`, `GroupId`) VALUES (1400060, 16723, "Lightforge Belt", 0, 1);
INSERT IGNORE INTO `acore_world`.`reference_loot_template` (`Entry`, `Item`, `Comment`, `Chance`, `GroupId`) VALUES (1400060, 16724, "Lightforge Gauntlets", 0, 1);
INSERT IGNORE INTO `acore_world`.`reference_loot_template` (`Entry`, `Item`, `Comment`, `Chance`, `GroupId`) VALUES (1400060, 16725, "Lightforge Boots", 0, 1);
INSERT IGNORE INTO `acore_world`.`reference_loot_template` (`Entry`, `Item`, `Comment`, `Chance`, `GroupId`) VALUES (1400060, 16726, "Lightforge Breastplate", 0, 1);
INSERT IGNORE INTO `acore_world`.`reference_loot_template` (`Entry`, `Item`, `Comment`, `Chance`, `GroupId`) VALUES (1400060, 16727, "Lightforge Helm", 0, 1);
INSERT IGNORE INTO `acore_world`.`reference_loot_template` (`Entry`, `Item`, `Comment`, `Chance`, `GroupId`) VALUES (1400060, 16728, "Lightforge Legplates", 0, 1);
INSERT IGNORE INTO `acore_world`.`reference_loot_template` (`Entry`, `Item`, `Comment`, `Chance`, `GroupId`) VALUES (1400060, 16729, "Lightforge Spaulders", 0, 1);
INSERT IGNORE INTO `acore_world`.`reference_loot_template` (`Entry`, `Item`, `Comment`, `Chance`, `GroupId`) VALUES (1400060, 16730, "Breastplate of Valor", 0, 1);
INSERT IGNORE INTO `acore_world`.`reference_loot_template` (`Entry`, `Item`, `Comment`, `Chance`, `GroupId`) VALUES (1400060, 16731, "Helm of Valor", 0, 1);
INSERT IGNORE INTO `acore_world`.`reference_loot_template` (`Entry`, `Item`, `Comment`, `Chance`, `GroupId`) VALUES (1400060, 16732, "Legplates of Valor", 0, 1);
INSERT IGNORE INTO `acore_world`.`reference_loot_template` (`Entry`, `Item`, `Comment`, `Chance`, `GroupId`) VALUES (1400060, 16733, "Spaulders of Valor", 0, 1);
INSERT IGNORE INTO `acore_world`.`reference_loot_template` (`Entry`, `Item`, `Comment`, `Chance`, `GroupId`) VALUES (1400060, 16734, "Boots of Valor", 0, 1);
INSERT IGNORE INTO `acore_world`.`reference_loot_template` (`Entry`, `Item`, `Comment`, `Chance`, `GroupId`) VALUES (1400060, 16735, "Bracers of Valor", 0, 1);
INSERT IGNORE INTO `acore_world`.`reference_loot_template` (`Entry`, `Item`, `Comment`, `Chance`, `GroupId`) VALUES (1400060, 16736, "Belt of Valor", 0, 1);
INSERT IGNORE INTO `acore_world`.`reference_loot_template` (`Entry`, `Item`, `Comment`, `Chance`, `GroupId`) VALUES (1400060, 16737, "Gauntlets of Valor", 0, 1);

